#
# There is insufficient memory for the Java Runtime Environment to continue.
# Native memory allocation (mmap) failed to map 65536 bytes. Error detail: Failed to commit metaspace.
# Possible reasons:
#   The system is out of physical RAM or swap space
#   This process is running with CompressedOops enabled, and the Java Heap may be blocking the growth of the native heap
# Possible solutions:
#   Reduce memory load on the system
#   Increase physical memory or swap space
#   Check if swap backing store is full
#   Decrease Java heap size (-Xmx/-Xms)
#   Decrease number of Java threads
#   Decrease Java thread stack sizes (-Xss)
#   Set larger code cache with -XX:ReservedCodeCacheSize=
#   JVM is running with Unscaled Compressed Oops mode in which the Java heap is
#     placed in the first 4GB address space. The Java Heap base address is the
#     maximum limit for the native heap growth. Please use -XX:HeapBaseMinAddress
#     to set the Java Heap base and to place the Java Heap above 4GB virtual address.
# This output file may be truncated or incomplete.
#
#  Out of Memory Error (virtualSpaceNode.cpp:113), pid=7884, tid=6464
#
# JRE version: OpenJDK Runtime Environment Temurin-21.0.12.1+1 (21.0.12.1+1) (build 21.0.12.1+1-LTS)
# Java VM: OpenJDK 64-Bit Server VM Temurin-21.0.12.1+1 (21.0.12.1+1-LTS, mixed mode, sharing, tiered, compressed oops, compressed class ptrs, parallel gc, windows-amd64)
# No core dump will be written. Minidumps are not enabled by default on client versions of Windows
#

---------------  S U M M A R Y ------------

Command Line: --add-modules=ALL-SYSTEM --add-opens=java.base/java.util=ALL-UNNAMED --add-opens=java.base/java.lang=ALL-UNNAMED --add-opens=java.base/sun.nio.fs=ALL-UNNAMED -Declipse.application=org.eclipse.jdt.ls.core.id1 -Dosgi.bundles.defaultStartLevel=4 -Declipse.product=org.eclipse.jdt.ls.core.product -Djava.import.generatesMetadataFilesAtProjectRoot=false -Dm2e.project.cache.size=50 -DDetectVMInstallationsJob.disabled=true -Dfile.encoding=utf8 -XX:+UseParallelGC -XX:GCTimeRatio=4 -XX:AdaptiveSizePolicyWeight=90 -Dsun.zip.disableMemoryMapping=true -Xmx2G -Xms100m -Xlog:disable -javaagent:c:\Users\ELLENT\.vscode\extensions\redhat.java-1.56.0-win32-x64\lombok\lombok-1.18.39-4050.jar -XX:+HeapDumpOnOutOfMemoryError -XX:HeapDumpPath=c:\Users\ELLENT\AppData\Roaming\Code\User\workspaceStorage\38e88b3097eb7eaa0581c3530d001930\redhat.java -Daether.dependencyCollector.impl=bf c:\Users\ELLENT\.vscode\extensions\redhat.java-1.56.0-win32-x64\server\plugins\org.eclipse.equinox.launcher_1.8.0.v20260804-1928.jar -configuration c:\Users\ELLENT\AppData\Roaming\Code\User\globalStorage\redhat.java\1.56.0\config_win -data c:\Users\ELLENT\AppData\Roaming\Code\User\workspaceStorage\38e88b3097eb7eaa0581c3530d001930\redhat.java\jdt_ws --stdio

Host: AMD Athlon Silver 7120U with Radeon Graphics   , 2 cores, 5G,  Windows 11 , 64 bit Build 26100 (10.0.26100.9168)
Time: Sun Sep  6 11:53:39 2026 SE Asia Standard Time elapsed time: 111.986501 seconds (0d 0h 1m 51s)

---------------  T H R E A D  ---------------

Current thread (0x00000277547a9650):  JavaThread "Connection worker"        [_thread_in_vm, id=6464, stack(0x00000078c7a00000,0x00000078c7b00000) (1024K)]

Stack: [0x00000078c7a00000,0x00000078c7b00000]
Native frames: (J=compiled Java code, j=interpreted, Vv=VM code, C=native code)
V  [jvm.dll+0x6d83e9]
V  [jvm.dll+0x8b5736]
V  [jvm.dll+0x8b7cee]
V  [jvm.dll+0x8b83d3]
V  [jvm.dll+0x284596]
V  [jvm.dll+0x8b147e]
V  [jvm.dll+0x679ad4]
V  [jvm.dll+0x1e849b]
V  [jvm.dll+0x1e825e]
V  [jvm.dll+0x67c3d2]
V  [jvm.dll+0x67c202]
V  [jvm.dll+0x67a4ae]
V  [jvm.dll+0x281467]
V  [jvm.dll+0x72e6df]
V  [jvm.dll+0x72f21f]
V  [jvm.dll+0x3ccb91]
V  [jvm.dll+0x3cb967]
V  [jvm.dll+0x3cb908]
V  [jvm.dll+0x3dd3aa]
C  0x0000027707549274

The last pc belongs to new (printed below).
Java frames: (J=compiled Java code, j=interpreted, Vv=VM code)
j  org.gradle.internal.event.DefaultListenerManager.addListener(Ljava/lang/Object;)V+22
j  org.gradle.internal.service.scopes.GlobalScopeServices.createPatternSpecFactory(Lorg/gradle/internal/event/ListenerManager;)Lorg/gradle/api/tasks/util/internal/PatternSpecFactory;+10
j  java.lang.invoke.LambdaForm$DMH+0x00000277101a2c00.invokeVirtual(Ljava/lang/Object;Ljava/lang/Object;Ljava/lang/Object;)Ljava/lang/Object;+11 java.base@21.0.12.1
j  java.lang.invoke.LambdaForm$MH+0x00000277104bdc00.invoke(Ljava/lang/Object;Ljava/lang/Object;Ljava/lang/Object;)Ljava/lang/Object;+52 java.base@21.0.12.1
j  java.lang.invoke.Invokers$Holder.invokeExact_MT(Ljava/lang/Object;Ljava/lang/Object;Ljava/lang/Object;Ljava/lang/Object;)Ljava/lang/Object;+20 java.base@21.0.12.1
J 1534 c1 jdk.internal.reflect.DirectMethodHandleAccessor.invoke(Ljava/lang/Object;[Ljava/lang/Object;)Ljava/lang/Object; java.base@21.0.12.1 (92 bytes) @ 0x00000277002a24e4 [0x00000277002a1100+0x00000000000013e4]
J 1536 c1 java.lang.reflect.Method.invoke(Ljava/lang/Object;[Ljava/lang/Object;)Ljava/lang/Object; java.base@21.0.12.1 (108 bytes) @ 0x00000277002a5d54 [0x00000277002a5840+0x0000000000000514]
j  org.gradle.internal.reflect.JavaMethod.invoke(Ljava/lang/Object;[Ljava/lang/Object;)Ljava/lang/Object;+6
j  org.gradle.internal.service.ReflectionBasedServiceMethod.invoke(Ljava/lang/Object;[Ljava/lang/Object;)Ljava/lang/Object;+6
j  org.gradle.internal.service.DefaultServiceRegistry$FactoryMethodService.invokeMethod([Ljava/lang/Object;)Ljava/lang/Object;+28
j  org.gradle.internal.service.DefaultServiceRegistry$FactoryService.createServiceInstance()Ljava/lang/Object;+7
j  org.gradle.internal.service.DefaultServiceRegistry$FactoryMethodService.createServiceInstance()Ljava/lang/Object;+1
j  org.gradle.internal.service.DefaultServiceRegistry$ManagedObjectServiceProvider.getInstance()Ljava/lang/Object;+24
j  org.gradle.internal.service.DefaultServiceRegistry$SingletonService.get()Ljava/lang/Object;+1
j  org.gradle.internal.service.DefaultServiceRegistry$FactoryService.assembleParameters()[Ljava/lang/Object;+44
j  org.gradle.internal.service.DefaultServiceRegistry$FactoryService.createServiceInstance()Ljava/lang/Object;+1
j  org.gradle.internal.service.DefaultServiceRegistry$FactoryMethodService.createServiceInstance()Ljava/lang/Object;+1
j  org.gradle.internal.service.DefaultServiceRegistry$ManagedObjectServiceProvider.getInstance()Ljava/lang/Object;+24
j  org.gradle.internal.service.DefaultServiceRegistry$SingletonService.get()Ljava/lang/Object;+1
j  org.gradle.internal.service.DefaultServiceRegistry$FactoryService.assembleParameters()[Ljava/lang/Object;+44
j  org.gradle.internal.service.DefaultServiceRegistry$FactoryService.createServiceInstance()Ljava/lang/Object;+1
j  org.gradle.internal.service.DefaultServiceRegistry$FactoryMethodService.createServiceInstance()Ljava/lang/Object;+1
j  org.gradle.internal.service.DefaultServiceRegistry$ManagedObjectServiceProvider.getInstance()Ljava/lang/Object;+24
j  org.gradle.internal.service.DefaultServiceRegistry$SingletonService.get()Ljava/lang/Object;+1
j  org.gradle.internal.service.DefaultServiceRegistry$FactoryService.assembleParameters()[Ljava/lang/Object;+44
j  org.gradle.internal.service.DefaultServiceRegistry$FactoryService.createServiceInstance()Ljava/lang/Object;+1
j  org.gradle.internal.service.DefaultServiceRegistry$FactoryMethodService.createServiceInstance()Ljava/lang/Object;+1
j  org.gradle.internal.service.DefaultServiceRegistry$ManagedObjectServiceProvider.getInstance()Ljava/lang/Object;+24
j  org.gradle.internal.service.DefaultServiceRegistry$SingletonService.get()Ljava/lang/Object;+1
j  org.gradle.internal.service.DefaultServiceRegistry.find(Ljava/lang/reflect/Type;)Ljava/lang/Object;+22
j  org.gradle.internal.service.DefaultServiceRegistry.get(Ljava/lang/reflect/Type;)Ljava/lang/Object;+2
j  org.gradle.internal.service.DefaultServiceRegistry.get(Ljava/lang/Class;)Ljava/lang/Object;+3
j  org.gradle.tooling.internal.provider.DefaultConnection.initializeServices(Ljava/io/File;)V+78
j  org.gradle.tooling.internal.provider.DefaultConnection.configure(Lorg/gradle/tooling/internal/protocol/ConnectionParameters;)V+42
j  org.gradle.tooling.internal.consumer.connection.AbstractPost12ConsumerConnection.configure(Lorg/gradle/tooling/internal/consumer/ConnectionParameters;)V+5
j  org.gradle.tooling.internal.consumer.loader.DefaultToolingImplementationLoader.createConnection(Lorg/gradle/tooling/internal/consumer/connection/AbstractConsumerConnection;Lorg/gradle/tooling/internal/consumer/ConnectionParameters;)Lorg/gradle/tooling/internal/consumer/connection/ConsumerConnection;+2
j  org.gradle.tooling.internal.consumer.loader.DefaultToolingImplementationLoader.create(Lorg/gradle/tooling/internal/consumer/Distribution;Lorg/gradle/internal/logging/progress/ProgressLoggerFactory;Lorg/gradle/tooling/internal/protocol/InternalBuildProgressListener;Lorg/gradle/tooling/internal/consumer/ConnectionParameters;Lorg/gradle/initialization/BuildCancellationToken;)Lorg/gradle/tooling/internal/consumer/connection/ConsumerConnection;+133
j  org.gradle.tooling.internal.consumer.loader.CachingToolingImplementationLoader$ConsumerConnectionCreator.call()Lorg/gradle/tooling/internal/consumer/connection/ConsumerConnection;+27
j  org.gradle.tooling.internal.consumer.loader.CachingToolingImplementationLoader$ConsumerConnectionCreator.call()Ljava/lang/Object;+1
j  org.gradle.internal.impldep.com.google.common.cache.LocalCache$LocalManualCache$1.load(Ljava/lang/Object;)Ljava/lang/Object;+4
j  org.gradle.internal.impldep.com.google.common.cache.LocalCache$LoadingValueReference.loadFuture(Ljava/lang/Object;Lorg/gradle/internal/impldep/com/google/common/cache/CacheLoader;)Lorg/gradle/internal/impldep/com/google/common/util/concurrent/ListenableFuture;+24
j  org.gradle.internal.impldep.com.google.common.cache.LocalCache$Segment.loadSync(Ljava/lang/Object;ILorg/gradle/internal/impldep/com/google/common/cache/LocalCache$LoadingValueReference;Lorg/gradle/internal/impldep/com/google/common/cache/CacheLoader;)Ljava/lang/Object;+4
j  org.gradle.internal.impldep.com.google.common.cache.LocalCache$Segment.lockedGetOrLoad(Ljava/lang/Object;ILorg/gradle/internal/impldep/com/google/common/cache/CacheLoader;)Ljava/lang/Object;+393
j  org.gradle.internal.impldep.com.google.common.cache.LocalCache$Segment.get(Ljava/lang/Object;ILorg/gradle/internal/impldep/com/google/common/cache/CacheLoader;)Ljava/lang/Object;+138
j  org.gradle.internal.impldep.com.google.common.cache.LocalCache.get(Ljava/lang/Object;Lorg/gradle/internal/impldep/com/google/common/cache/CacheLoader;)Ljava/lang/Object;+17
j  org.gradle.internal.impldep.com.google.common.cache.LocalCache$LocalManualCache.get(Ljava/lang/Object;Ljava/util/concurrent/Callable;)Ljava/lang/Object;+19
j  org.gradle.tooling.internal.consumer.loader.CachingToolingImplementationLoader.create(Lorg/gradle/tooling/internal/consumer/Distribution;Lorg/gradle/internal/logging/progress/ProgressLoggerFactory;Lorg/gradle/tooling/internal/protocol/InternalBuildProgressListener;Lorg/gradle/tooling/internal/consumer/ConnectionParameters;Lorg/gradle/initialization/BuildCancellationToken;)Lorg/gradle/tooling/internal/consumer/connection/ConsumerConnection;+35
j  org.gradle.tooling.internal.consumer.loader.SynchronizedToolingImplementationLoader.create(Lorg/gradle/tooling/internal/consumer/Distribution;Lorg/gradle/internal/logging/progress/ProgressLoggerFactory;Lorg/gradle/tooling/internal/protocol/InternalBuildProgressListener;Lorg/gradle/tooling/internal/consumer/ConnectionParameters;Lorg/gradle/initialization/BuildCancellationToken;)Lorg/gradle/tooling/internal/consumer/connection/ConsumerConnection;+23
j  org.gradle.tooling.internal.consumer.connection.LazyConsumerActionExecutor.onStartAction(Lorg/gradle/initialization/BuildCancellationToken;Lorg/gradle/tooling/internal/protocol/InternalBuildProgressListener;)Lorg/gradle/tooling/internal/consumer/connection/ConsumerConnection;+72
j  org.gradle.tooling.internal.consumer.connection.LazyConsumerActionExecutor.run(Lorg/gradle/tooling/internal/consumer/connection/ConsumerAction;)Ljava/lang/Object;+26
j  org.gradle.tooling.internal.consumer.connection.CancellableConsumerActionExecutor.run(Lorg/gradle/tooling/internal/consumer/connection/ConsumerAction;)Ljava/lang/Object;+34
j  org.gradle.tooling.internal.consumer.connection.ProgressLoggingConsumerActionExecutor.run(Lorg/gradle/tooling/internal/consumer/connection/ConsumerAction;)Ljava/lang/Object;+78
j  org.gradle.tooling.internal.consumer.connection.RethrowingErrorsConsumerActionExecutor.run(Lorg/gradle/tooling/internal/consumer/connection/ConsumerAction;)Ljava/lang/Object;+5
j  org.gradle.tooling.internal.consumer.async.DefaultAsyncConsumerActionExecutor$1$1.run()V+17
j  org.gradle.internal.concurrent.ExecutorPolicy$CatchAndRecordFailures.onExecute(Ljava/lang/Runnable;)V+1
j  org.gradle.internal.concurrent.AbstractManagedExecutor$1.run()V+25
j  java.util.concurrent.ThreadPoolExecutor.runWorker(Ljava/util/concurrent/ThreadPoolExecutor$Worker;)V+92 java.base@21.0.12.1
j  java.util.concurrent.ThreadPoolExecutor$Worker.run()V+5 java.base@21.0.12.1
j  java.lang.Thread.runWith(Ljava/lang/Object;Ljava/lang/Runnable;)V+5 java.base@21.0.12.1
j  java.lang.Thread.run()V+19 java.base@21.0.12.1
v  ~StubRoutines::call_stub 0x000002770753100d
new  187 new  [0x00000277075490e0, 0x00000277075492e8]  520 bytes
[MachCode]
  0x00000277075490e0: 4883 ec08 | c5fa 1104 | 24eb 1f48 | 83ec 10c5 | fb11 0424 | eb14 4883 | ec10 4889 | 0424 48c7 
  0x0000027707549100: 4424 0800 | 0000 00eb | 0150 410f | b755 010f | cac1 ea10 | 488b 4de8 | 488b 4908 | 488b 4908 
  0x0000027707549120: 488b 4108 | 807c 1004 | 070f 85d3 | 0000 0066 | 8b54 d148 | 488b 4928 | 488b 4cd1 | 0851 80b9 
  0x0000027707549140: 3101 0000 | 040f 85b6 | 0000 008b | 5108 f6c2 | 010f 85aa | 0000 0049 | 8b87 b801 | 0000 488d 
  0x0000027707549160: 1c10 493b | 9fc8 0100 | 000f 8792 | 0000 0049 | 899f b801 | 0000 4883 | ea10 0f84 | 0f00 0000 
  0x0000027707549180: 33c9 c1ea | 0348 894c | d008 48ff | ca75 f648 | c700 0100 | 0000 5933 | f689 700c | 49ba 0000 
  0x00000277075491a0: 000f 7702 | 0000 492b | ca89 4808 | 49ba 076d | 0a30 fe7f | 0000 4180 | 3a00 0f84 | 3c00 0000 
  0x00000277075491c0: 5048 8bc8 | 4883 ec20 | 40f6 c40f | 0f84 1900 | 0000 4883 | ec08 48b8 | 20eb b32f | fe7f 0000 
  0x00000277075491e0: ffd0 4883 | c408 e90c | 0000 0048 | b820 ebb3 | 2ffe 7f00 | 00ff d048 | 83c4 2058 | e9cb 0000 
  0x0000027707549200: 0059 488b | 55e8 488b | 5208 488b | 5208 450f | b745 0141 | 0fc8 41c1 | e810 e805 | 0000 00e9 
  0x0000027707549220: a800 0000 | 488d 4424 | 084c 896d | c049 8bcf | c5f8 7749 | 89af b003 | 0000 4989 | 87a0 0300 
  0x0000027707549240: 0048 83ec | 2040 f6c4 | 0f0f 8419 | 0000 0048 | 83ec 0848 | b820 d37d | 2ffe 7f00 | 00ff d048 
  0x0000027707549260: 83c4 08e9 | 0c00 0000 | 48b8 20d3 | 7d2f fe7f | 0000 ffd0 | 4883 c420 | 49c7 87a0 | 0300 0000 
  0x0000027707549280: 0000 0049 | c787 b003 | 0000 0000 | 0000 49c7 | 87a8 0300 | 0000 0000 | 00c5 f877 | 4983 7f08 
  0x00000277075492a0: 000f 8405 | 0000 00e9 | 547c feff | 498b 87f8 | 0300 0049 | c787 f803 | 0000 0000 | 0000 4c8b 
  0x00000277075492c0: 6dc0 4c8b | 75c8 4e8d | 74f5 00c3 | 410f b65d | 0349 83c5 | 0349 ba50 | 350d 30fe | 7f00 0041 
  0x00000277075492e0: ff24 da0f | 1f44 0000 
[/MachCode]

Compiled method (c1) 112471 1534   !   3       jdk.internal.reflect.DirectMethodHandleAccessor::invoke (92 bytes)
 total in heap  [0x00000277002a0c90,0x00000277002a46f0] = 14944
 relocation     [0x00000277002a0df0,0x00000277002a10f0] = 768
 main code      [0x00000277002a1100,0x00000277002a33f8] = 8952
 stub code      [0x00000277002a33f8,0x00000277002a3518] = 288
 oops           [0x00000277002a3518,0x00000277002a3538] = 32
 metadata       [0x00000277002a3538,0x00000277002a35b0] = 120
 scopes data    [0x00000277002a35b0,0x00000277002a39d8] = 1064
 scopes pcs     [0x00000277002a39d8,0x00000277002a3ed8] = 1280
 dependencies   [0x00000277002a3ed8,0x00000277002a3f00] = 40
 handler table  [0x00000277002a3f00,0x00000277002a4650] = 1872
 nul chk table  [0x00000277002a4650,0x00000277002a46f0] = 160

[Constant Pool (empty)]

[MachCode]
[Entry Point]
  # {method} {0x000002770f19cf00} 'invoke' '(Ljava/lang/Object;[Ljava/lang/Object;)Ljava/lang/Object;' in 'jdk/internal/reflect/DirectMethodHandleAccessor'
  # this:     rdx:rdx   = 'jdk/internal/reflect/DirectMethodHandleAccessor'
  # parm0:    r8:r8     = 'java/lang/Object'
  # parm1:    r9:r9     = '[Ljava/lang/Object;'
  #           [sp+0x140]  (sp of caller)
  0x00000277002a1100: 448b 5208 | 49bb 0000 | 000f 7702 | 0000 4d03 | d34c 3bd0 

  0x00000277002a1114: ;   {runtime_call ic_miss_stub}
  0x00000277002a1114: 0f85 66d3 | 2d07 660f | 1f44 0000 
[Verified Entry Point]
  0x00000277002a1120: 8984 2400 | 80ff ff55 | 4881 ec30 | 0100 0090 | 4181 7f20 | 0300 0000 

  0x00000277002a1138: ;   {runtime_call StubRoutines (final stubs)}
  0x00000277002a1138: 7405 e8a1 | 782c 0748 | 8994 24a8 | 0000 004c | 8984 24b8 | 0000 004c | 898c 24b0 

  0x00000277002a1154: ;   {metadata(method data for {method} {0x000002770f19cf00} 'invoke' '(Ljava/lang/Object;[Ljava/lang/Object;)Ljava/lang/Object;' in 'jdk/internal/reflect/DirectMethodHandleAccessor')}
  0x00000277002a1154: 0000 0048 | be60 003a | 5077 0200 | 008b becc | 0000 0083 | c702 89be | cc00 0000 | 81e7 fe07 
  0x00000277002a1174: 0000 85ff | 0f84 f31d | 0000 488b 

  0x00000277002a1180: ;   {metadata(method data for {method} {0x000002770f19cf00} 'invoke' '(Ljava/lang/Object;[Ljava/lang/Object;)Ljava/lang/Object;' in 'jdk/internal/reflect/DirectMethodHandleAccessor')}
  0x00000277002a1180: f248 bf60 | 003a 5077 | 0200 0048 | 8387 1001 

  0x00000277002a1190: ;   {metadata(method data for {method} {0x000002770f3c8780} 'isStatic' '()Z' in 'jdk/internal/reflect/DirectMethodHandleAccessor')}
  0x00000277002a1190: 0000 0148 | be08 fc39 | 5077 0200 | 008b becc | 0000 0083 | c702 89be | cc00 0000 | 81e7 feff 
  0x00000277002a11b0: 1f00 85ff | 0f84 d81d | 0000 8b72 | 1081 e600 | 0200 0081 | fe00 0200 

  0x00000277002a11c8: ;   {metadata(method data for {method} {0x000002770f3c8780} 'isStatic' '()Z' in 'jdk/internal/reflect/DirectMethodHandleAccessor')}
  0x00000277002a11c8: 0048 be08 | fc39 5077 | 0200 0048 | c7c7 1001 | 0000 7507 | 48c7 c720 | 0100 0048 | 8b1c 3e48 
  0x00000277002a11e8: 8d5b 0148 | 891c 3e0f | 851a 0000 

  0x00000277002a11f4: ;   {metadata(method data for {method} {0x000002770f3c8780} 'isStatic' '()Z' in 'jdk/internal/reflect/DirectMethodHandleAccessor')}
  0x00000277002a11f4: 0048 be08 | fc39 5077 | 0200 00ff | 8630 0100 | 00be 0100 | 0000 e905 | 0000 00be | 0000 0000 
  0x00000277002a1214: 83e6 0185 

  0x00000277002a1218: ;   {metadata(method data for {method} {0x000002770f19cf00} 'invoke' '(Ljava/lang/Object;[Ljava/lang/Object;)Ljava/lang/Object;' in 'jdk/internal/reflect/DirectMethodHandleAccessor')}
  0x00000277002a1218: f648 be60 | 003a 5077 | 0200 0048 | c7c7 4801 | 0000 7507 | 48c7 c758 | 0100 0048 | 8b1c 3e48 
  0x00000277002a1238: 8d5b 0148 | 891c 3e0f | 85d5 0000 | 0048 8bf2 

  0x00000277002a1248: ;   {metadata(method data for {method} {0x000002770f19cf00} 'invoke' '(Ljava/lang/Object;[Ljava/lang/Object;)Ljava/lang/Object;' in 'jdk/internal/reflect/DirectMethodHandleAccessor')}
  0x00000277002a1248: 48bf 6000 | 3a50 7702 | 0000 4883 | 8768 0100 

  0x00000277002a1258: ;   {metadata(method data for {method} {0x000002770f3c86d0} 'checkReceiver' '(Ljava/lang/Object;)V' in 'jdk/internal/reflect/DirectMethodHandleAccessor')}
  0x00000277002a1258: 0001 48be | 9803 3a50 | 7702 0000 | 8bbe cc00 | 0000 83c7 | 0289 becc | 0000 0081 | e7fe ff1f 
  0x00000277002a1278: 0085 ff0f | 8432 1d00 | 008b 7214 

  0x00000277002a1284: ; implicit exception: dispatches to 0x00000277002a2fd4
  0x00000277002a1284: 493b 0049 

  0x00000277002a1288: ;   {metadata(method data for {method} {0x000002770f3c86d0} 'checkReceiver' '(Ljava/lang/Object;)V' in 'jdk/internal/reflect/DirectMethodHandleAccessor')}
  0x00000277002a1288: 8bf8 48bb | 9803 3a50 | 7702 0000 | 4883 8310 | 0100 0001 | 418b 7808 | 49ba 0000 | 000f 7702 
  0x00000277002a12a8: 0000 4903 | fa48 8b7f | 7048 8b3f 

  0x00000277002a12b4: ; implicit exception: dispatches to 0x00000277002a2fd9
  0x00000277002a12b4: 483b 0648 

  0x00000277002a12b8: ;   {metadata(method data for {method} {0x000002770f3c86d0} 'checkReceiver' '(Ljava/lang/Object;)V' in 'jdk/internal/reflect/DirectMethodHandleAccessor')}
  0x00000277002a12b8: 8bde 48b8 | 9803 3a50 | 7702 0000 | 4883 8048 | 0100 0001 | 4c8b c748 | 8bd6 0f1f 

  0x00000277002a12d4: ;   {optimized virtual_call}
  0x00000277002a12d4: 4400 00e8 

  0x00000277002a12d8: ; ImmutableOopMap {[168]=Oop [176]=Oop [184]=Oop }
                      ;*invokevirtual isAssignableFrom {reexecute=0 rethrow=0 return_oop=0}
                      ; - jdk.internal.reflect.DirectMethodHandleAccessor::checkReceiver@8
                      ; - jdk.internal.reflect.DirectMethodHandleAccessor::invoke@9
  0x00000277002a12d8: e431 8307 

  0x00000277002a12dc: ;   {other}
  0x00000277002a12dc: 0f1f 8400 | 4c06 0000 

  0x00000277002a12e4: ;   {metadata(method data for {method} {0x000002770f3c86d0} 'checkReceiver' '(Ljava/lang/Object;)V' in 'jdk/internal/reflect/DirectMethodHandleAccessor')}
  0x00000277002a12e4: 85c0 48ba | 9803 3a50 | 7702 0000 | 49c7 c090 | 0100 0074 | 0749 c7c0 | 8001 0000 | 4a8b 3402 
  0x00000277002a1304: 488d 7601 | 4a89 3402 | 0f84 071b | 0000 488b | 9424 a800 | 0000 448b 

  0x00000277002a131c: ;   {metadata(method data for {method} {0x000002770f19cf00} 'invoke' '(Ljava/lang/Object;[Ljava/lang/Object;)Ljava/lang/Object;' in 'jdk/internal/reflect/DirectMethodHandleAccessor')}
  0x00000277002a131c: 420c 48be | 6000 3a50 | 7702 0000 | 4883 86a0 | 0100 0001 | 498b d04c | 8b84 24b0 | 0000 000f 
  0x00000277002a133c: ;   {static_call}
  0x00000277002a133c: 1f40 00e8 

  0x00000277002a1340: ; ImmutableOopMap {[168]=Oop [176]=Oop [184]=Oop }
                      ;*invokestatic checkArgumentCount {reexecute=0 rethrow=0 return_oop=0}
                      ; - jdk.internal.reflect.DirectMethodHandleAccessor::invoke@17
  0x00000277002a1340: bcee ffff 

  0x00000277002a1344: ;   {other}
  0x00000277002a1344: 0f1f 8400 | b406 0001 | 488b 9424 | a800 0000 

  0x00000277002a1354: ;   {metadata(method data for {method} {0x000002770f19cf00} 'invoke' '(Ljava/lang/Object;[Ljava/lang/Object;)Ljava/lang/Object;' in 'jdk/internal/reflect/DirectMethodHandleAccessor')}
  0x00000277002a1354: 488b f248 | bf60 003a | 5077 0200 | 0048 8387 | b001 0000 

  0x00000277002a1368: ;   {metadata(method data for {method} {0x000002770f3c8518} 'invokeImpl' '(Ljava/lang/Object;[Ljava/lang/Object;)Ljava/lang/Object;' in 'jdk/internal/reflect/DirectMethodHandleAccessor')}
  0x00000277002a1368: 0148 be90 | 053a 5077 | 0200 008b | becc 0000 | 0083 c702 | 89be cc00 | 0000 81e7 | feff 1f00 
  0x00000277002a1388: 85ff 0f84 | 4e1c 0000 

  0x00000277002a1390: ;   {metadata(method data for {method} {0x000002770f3c8518} 'invokeImpl' '(Ljava/lang/Object;[Ljava/lang/Object;)Ljava/lang/Object;' in 'jdk/internal/reflect/DirectMethodHandleAccessor')}
  0x00000277002a1390: 8b72 0c48 | bf90 053a | 5077 0200 | 0048 c7c3 | 1801 0000 | 85f6 488b | c348 c7c3 | 2801 0000 
  0x00000277002a13b0: 480f 45d8 | 83fe 0148 | 8bc3 48c7 | c338 0100 | 0048 0f45 | d883 fe02 | 488b c348 | c7c3 4801 
  0x00000277002a13d0: 0000 480f | 45d8 83fe | 0348 8bc3 | 48c7 c358 | 0100 0048 | 0f45 d848 | 8b04 1f49 | c7c2 0100 
  0x00000277002a13f0: 0000 4903 | c248 8904 | 1f85 f60f | 8479 1100 | 0083 fe01 | 0f84 3d0f | 0000 83fe | 020f 84a7 
  0x00000277002a1410: 0800 0083 | fe03 0f84 | 3a06 0000 | 4c8b 8424 | b800 0000 | 8b72 1848 | 89b4 24c0 

  0x00000277002a142c: ;   {metadata(method data for {method} {0x000002770f3c8518} 'invokeImpl' '(Ljava/lang/Object;[Ljava/lang/Object;)Ljava/lang/Object;' in 'jdk/internal/reflect/DirectMethodHandleAccessor')}
  0x00000277002a142c: 0000 0048 | bf90 053a | 5077 0200 | 0048 8dbf | 9803 0000 | 4d85 c075 | 0ef6 4708 | 0175 53f0 
  0x00000277002a144c: 4883 4f08 | 01eb 4b41 | 8b58 0849 | ba00 0000 | 0f77 0200 | 0049 03da | 4c8b d348 | 335f 0848 
  0x00000277002a146c: f7c3 fcff | ffff 742a | f6c3 0275 | 2548 f747 | 08fe ffff | ff74 1749 | 8bda 4833 | 5f08 48f7 
  0x00000277002a148c: c3fc ffff | ff74 0b48 | 834f 0802 | eb04 4889 

  0x00000277002a149c: ;   {metadata(method data for {method} {0x000002770f0ae518} 'invokeExact_MT' '(Ljava/lang/Object;Ljava/lang/Object;Ljava/lang/Object;Ljava/lang/Object;)Ljava/lang/Object;' in 'java/lang/invoke/Invokers$Holder')}
  0x00000277002a149c: 5f08 48bf | f019 3650 | 7702 0000 | 488d bfb8 | 0200 0048 | 85f6 750c | f607 0175 | 4cf0 4883 
  0x00000277002a14bc: 0f01 eb45 | 8b5e 0849 | ba00 0000 | 0f77 0200 | 0049 03da | 4c8b d348 | 331f 48f7 | c3fc ffff 
  0x00000277002a14dc: ff74 26f6 | c302 7521 | 48f7 07fe | ffff ff74 | 1549 8bda | 4833 1f48 | f7c3 fcff | ffff 7409 
  0x00000277002a14fc: 4883 0f02 | eb03 4889 | 1f4d 85c0 | 750e f647 | 1001 7553 | f048 834f | 1001 eb4b | 418b 5808 
  0x00000277002a151c: 49ba 0000 | 000f 7702 | 0000 4903 | da4c 8bd3 | 4833 5f10 | 48f7 c3fc | ffff ff74 | 2af6 c302 
  0x00000277002a153c: 7525 48f7 | 4710 feff | ffff 7417 | 498b da48 | 335f 1048 | f7c3 fcff | ffff 740b | 4883 4f10 
  0x00000277002a155c: 02eb 0448 

  0x00000277002a1560: ;   {metadata(method data for {method} {0x000002770f3c8518} 'invokeImpl' '(Ljava/lang/Object;[Ljava/lang/Object;)Ljava/lang/Object;' in 'jdk/internal/reflect/DirectMethodHandleAccessor')}
  0x00000277002a1560: 895f 1048 | bf90 053a | 5077 0200 | 0048 8387 | 6003 0000 

  0x00000277002a1574: ;   {metadata(method data for {method} {0x000002770f0ae518} 'invokeExact_MT' '(Ljava/lang/Object;Ljava/lang/Object;Ljava/lang/Object;Ljava/lang/Object;)Ljava/lang/Object;' in 'java/lang/invoke/Invokers$Holder')}
  0x00000277002a1574: 0148 bff0 | 1936 5077 | 0200 008b | 9fcc 0000 | 0083 c302 | 899f cc00 | 0000 81e3 | feff 1f00 
  0x00000277002a1594: 85db 0f84 | 631a 0000 

  0x00000277002a159c: ;   {metadata(method data for {method} {0x000002770f0ae518} 'invokeExact_MT' '(Ljava/lang/Object;Ljava/lang/Object;Ljava/lang/Object;Ljava/lang/Object;)Ljava/lang/Object;' in 'java/lang/invoke/Invokers$Holder')}
  0x00000277002a159c: 48bf f019 | 3650 7702 | 0000 488d | bf90 0100 | 0048 85f6 | 750e f647 | 0801 7552 | f048 834f 
  0x00000277002a15bc: 0801 eb4a | 8b5e 0849 | ba00 0000 | 0f77 0200 | 0049 03da | 4c8b d348 | 335f 0848 | f7c3 fcff 
  0x00000277002a15dc: ffff 742a | f6c3 0275 | 2548 f747 | 08fe ffff | ff74 1749 | 8bda 4833 | 5f08 48f7 | c3fc ffff 
  0x00000277002a15fc: ff74 0b48 | 834f 0802 | eb04 4889 

  0x00000277002a1608: ;   {oop(a 'java/lang/invoke/MethodType'{0x0000000080002228} = (Ljava/lang/Object;[Ljava/lang/Object;)Ljava/lang/Object;)}
  0x00000277002a1608: 5f08 48bb | 2822 0080 | 0000 0000 | 4885 db75 | 0cf6 4718 | 0175 06f0 | 4883 4f18 

  0x00000277002a1624: ;   {metadata(method data for {method} {0x000002770f0ae518} 'invokeExact_MT' '(Ljava/lang/Object;Ljava/lang/Object;Ljava/lang/Object;Ljava/lang/Object;)Ljava/lang/Object;' in 'java/lang/invoke/Invokers$Holder')}
  0x00000277002a1624: 0148 bff0 | 1936 5077 | 0200 0048 | 8387 8001 

  0x00000277002a1634: ;   {metadata(method data for {method} {0x000002770f3dc408} 'checkExactType' '(Ljava/lang/invoke/MethodHandle;Ljava/lang/invoke/MethodType;)V' in 'java/lang/invoke/Invokers')}
  0x00000277002a1634: 0000 0148 | bfc8 ea2e | 5077 0200 | 008b 87cc | 0000 0083 | c002 8987 | cc00 0000 | 25fe ff1f 
  0x00000277002a1654: 0085 c00f | 84c3 1900 | 0048 3b06 

  0x00000277002a1660: ;   {metadata(method data for {method} {0x000002770f3dc408} 'checkExactType' '(Ljava/lang/invoke/MethodHandle;Ljava/lang/invoke/MethodType;)V' in 'java/lang/invoke/Invokers')}
  0x00000277002a1660: 488b fe48 | b8c8 ea2e | 5077 0200 | 008b 7f08 | 49ba 0000 | 000f 7702 | 0000 4903 | fa48 3bb8 
  0x00000277002a1680: 2001 0000 | 750d 4883 | 8028 0100 | 0001 e960 | 0000 0048 | 3bb8 3001 | 0000 750d | 4883 8038 
  0x00000277002a16a0: 0100 0001 | e94a 0000 | 0048 83b8 | 2001 0000 | 0075 1748 | 89b8 2001 | 0000 48c7 | 8028 0100 
  0x00000277002a16c0: 0001 0000 | 00e9 2900 | 0000 4883 | b830 0100 | 0000 7517 | 4889 b830 | 0100 0048 | c780 3801 
  0x00000277002a16e0: 0000 0100 | 0000 e908 | 0000 0048 | 8380 1001 | 0000 018b | 7e10 483b 

  0x00000277002a16f8: ;   {metadata(method data for {method} {0x000002770f3dc408} 'checkExactType' '(Ljava/lang/invoke/MethodHandle;Ljava/lang/invoke/MethodType;)V' in 'java/lang/invoke/Invokers')}
  0x00000277002a16f8: fb48 bbc8 | ea2e 5077 | 0200 0048 | c7c0 5801 | 0000 7507 | 48c7 c048 | 0100 0048 | 8b0c 0348 
  0x00000277002a1718: 8d49 0148 | 890c 030f | 85b2 1200 

  0x00000277002a1724: ;   {metadata(method data for {method} {0x000002770f0ae518} 'invokeExact_MT' '(Ljava/lang/Object;Ljava/lang/Object;Ljava/lang/Object;Ljava/lang/Object;)Ljava/lang/Object;' in 'java/lang/invoke/Invokers$Holder')}
  0x00000277002a1724: 0048 bff0 | 1936 5077 | 0200 0048 | 8dbf c801 | 0000 8b5e | 0849 ba00 | 0000 0f77 | 0200 0049 
  0x00000277002a1744: 03da 4c8b | d348 335f | 0848 f7c3 | fcff ffff | 742a f6c3 | 0275 2548 | f747 08fe | ffff ff74 
  0x00000277002a1764: 1749 8bda | 4833 5f08 | 48f7 c3fc | ffff ff74 | 0b48 834f | 0802 eb04 | 4889 5f08 

  0x00000277002a1780: ;   {metadata(method data for {method} {0x000002770f0ae518} 'invokeExact_MT' '(Ljava/lang/Object;Ljava/lang/Object;Ljava/lang/Object;Ljava/lang/Object;)Ljava/lang/Object;' in 'java/lang/invoke/Invokers$Holder')}
  0x00000277002a1780: 48bf f019 | 3650 7702 | 0000 4883 | 87b8 0100 

  0x00000277002a1790: ;   {metadata(method data for {method} {0x000002770f3dc300} 'checkCustomized' '(Ljava/lang/invoke/MethodHandle;)V' in 'java/lang/invoke/Invokers')}
  0x00000277002a1790: 0001 48bf | 18ef 2e50 | 7702 0000 | 8b9f cc00 | 0000 83c3 | 0289 9fcc | 0000 0081 | e3fe ff1f 
  0x00000277002a17b0: 0085 db0f | 848d 1800 

  0x00000277002a17b8: ;   {metadata(method data for {method} {0x000002770f3dc300} 'checkCustomized' '(Ljava/lang/invoke/MethodHandle;)V' in 'java/lang/invoke/Invokers')}
  0x00000277002a17b8: 0048 bf18 | ef2e 5077 | 0200 0048 | 8387 1001 

  0x00000277002a17c8: ;   {metadata(method data for {method} {0x000002770f0944d8} 'isCompileConstant' '(Ljava/lang/Object;)Z' in 'java/lang/invoke/MethodHandleImpl')}
  0x00000277002a17c8: 0000 0148 | bfc8 f02e | 5077 0200 | 008b 9fcc | 0000 0083 | c302 899f | cc00 0000 | 81e3 feff 
  0x00000277002a17e8: 1f00 85db | 0f84 7518 

  0x00000277002a17f0: ;   {metadata(method data for {method} {0x000002770f3dc300} 'checkCustomized' '(Ljava/lang/invoke/MethodHandle;)V' in 'java/lang/invoke/Invokers')}
  0x00000277002a17f0: 0000 48bf | 18ef 2e50 | 7702 0000 | ff87 2001 | 0000 8b7e | 148b 7f1c 

  0x00000277002a1808: ;   {metadata(method data for {method} {0x000002770f3dc300} 'checkCustomized' '(Ljava/lang/invoke/MethodHandle;)V' in 'java/lang/invoke/Invokers')}
  0x00000277002a1808: 4885 ff48 | bf18 ef2e | 5077 0200 | 0048 c7c3 | 4001 0000 | 7507 48c7 | c350 0100 | 0048 8b04 
  0x00000277002a1828: 1f48 8d40 | 0148 8904 | 1f0f 8525 

  0x00000277002a1834: ;   {metadata(method data for {method} {0x000002770f3dc300} 'checkCustomized' '(Ljava/lang/invoke/MethodHandle;)V' in 'java/lang/invoke/Invokers')}
  0x00000277002a1834: 0000 0048 | bf18 ef2e | 5077 0200 | 0048 8387 | 6001 0000 | 0148 8bd6 

  0x00000277002a184c: ;   {static_call}
  0x00000277002a184c: 6666 90e8 

  0x00000277002a1850: ; ImmutableOopMap {[168]=Oop [176]=Oop [184]=Oop [192]=Oop }
                      ;*invokestatic maybeCustomize {reexecute=0 rethrow=0 return_oop=0}
                      ; - java.lang.invoke.Invokers::checkCustomized@19
                      ; - java.lang.invoke.Invokers$Holder::invokeExact_MT@14
                      ; - jdk.internal.reflect.DirectMethodHandleAccessor::invokeImpl@104
                      ; - jdk.internal.reflect.DirectMethodHandleAccessor::invoke@23
  0x00000277002a1850: 6cc1 ffff 

  0x00000277002a1854: ;   {other}
  0x00000277002a1854: 0f1f 8400 | c40b 0002 | 4c8b 8c24 | b000 0000 | 4c8b 8424 | b800 0000 

  0x00000277002a186c: ;   {metadata(method data for {method} {0x000002770f0ae518} 'invokeExact_MT' '(Ljava/lang/Object;Ljava/lang/Object;Ljava/lang/Object;Ljava/lang/Object;)Ljava/lang/Object;' in 'java/lang/invoke/Invokers$Holder')}
  0x00000277002a186c: 48ba f019 | 3650 7702 | 0000 488d | 9218 0200 | 004d 85c0 | 750e f642 | 0801 7554 | f048 834a 
  0x00000277002a188c: 0801 eb4c | 418b 7008 | 49ba 0000 | 000f 7702 | 0000 4903 | f24c 8bd6 | 4833 7208 | 48f7 c6fc 
  0x00000277002a18ac: ffff ff74 | 2b40 f6c6 | 0275 2548 | f742 08fe | ffff ff74 | 1749 8bf2 | 4833 7208 | 48f7 c6fc 
  0x00000277002a18cc: ffff ff74 | 0b48 834a | 0802 eb04 | 4889 7208 | 4d85 c975 | 0ef6 4218 | 0175 54f0 | 4883 4a18 
  0x00000277002a18ec: 01eb 4c41 | 8b71 0849 | ba00 0000 | 0f77 0200 | 0049 03f2 | 4c8b d648 | 3372 1848 | f7c6 fcff 
  0x00000277002a190c: ffff 742b | 40f6 c602 | 7525 48f7 | 4218 feff | ffff 7417 | 498b f248 | 3372 1848 | f7c6 fcff 
  0x00000277002a192c: ffff 740b | 4883 4a18 | 02eb 0448 | 8972 1848 | 8bb4 24c0 

  0x00000277002a1940: ;   {metadata(method data for {method} {0x000002770f0ae518} 'invokeExact_MT' '(Ljava/lang/Object;Ljava/lang/Object;Ljava/lang/Object;Ljava/lang/Object;)Ljava/lang/Object;' in 'java/lang/invoke/Invokers$Holder')}
  0x00000277002a1940: 0000 0048 | baf0 1936 | 5077 0200 | 0048 8382 | e001 0000 | 0148 8b94 | 24c0 0000 

  0x00000277002a195c: ;   {optimized virtual_call}
  0x00000277002a195c: 0066 90e8 

  0x00000277002a1960: ; ImmutableOopMap {[168]=Oop }
                      ;*invokevirtual invokeBasic {reexecute=0 rethrow=0 return_oop=0}
                      ; - java.lang.invoke.Invokers$Holder::invokeExact_MT@20
                      ; - jdk.internal.reflect.DirectMethodHandleAccessor::invokeImpl@104
                      ; - jdk.internal.reflect.DirectMethodHandleAccessor::invoke@23
  0x00000277002a1960: 1c19 8307 

  0x00000277002a1964: ;   {other}
  0x00000277002a1964: 0f1f 8400 | d40c 0003 

  0x00000277002a196c: ;   {metadata(method data for {method} {0x000002770f0ae518} 'invokeExact_MT' '(Ljava/lang/Object;Ljava/lang/Object;Ljava/lang/Object;Ljava/lang/Object;)Ljava/lang/Object;' in 'java/lang/invoke/Invokers$Holder')}
  0x00000277002a196c: 49b8 f019 | 3650 7702 | 0000 4d8d | 8038 0200 | 0048 85c0 | 750d 41f6 | 0001 754e | f049 8308 
  0x00000277002a198c: 01eb 4744 | 8b48 0849 | ba00 0000 | 0f77 0200 | 004d 03ca | 4d8b d14d | 3308 49f7 | c1fc ffff 
  0x00000277002a19ac: ff74 2741 | f6c1 0275 | 2149 f700 | feff ffff | 7415 4d8b | ca4d 3308 | 49f7 c1fc | ffff ff74 
  0x00000277002a19cc: 0949 8308 | 02eb 034d 

  0x00000277002a19d4: ;   {metadata(method data for {method} {0x000002770f3c8518} 'invokeImpl' '(Ljava/lang/Object;[Ljava/lang/Object;)Ljava/lang/Object;' in 'jdk/internal/reflect/DirectMethodHandleAccessor')}
  0x00000277002a19d4: 8908 49b8 | 9005 3a50 | 7702 0000 | 4d8d 80b8 | 0300 0048 | 85c0 750d | 41f6 0001 | 754e f049 
  0x00000277002a19f4: 8308 01eb | 4744 8b48 | 0849 ba00 | 0000 0f77 | 0200 004d | 03ca 4d8b | d14d 3308 | 49f7 c1fc 
  0x00000277002a1a14: ffff ff74 | 2741 f6c1 | 0275 2149 | f700 feff | ffff 7415 | 4d8b ca4d | 3308 49f7 | c1fc ffff 
  0x00000277002a1a34: ff74 0949 | 8308 02eb | 034d 8908 | 4881 c430 | 0100 005d 

  0x00000277002a1a48: ;   {poll_return}
  0x00000277002a1a48: 493b a750 | 0400 000f | 8738 1600 | 00c3 4c8b | 8c24 b000 | 0000 4c8b | 8424 b800 | 0000 8b5a 
  0x00000277002a1a68: 1841 8379 | 0c00 0f86 | 3916 0000 | 418b 7910 | 4183 790c | 010f 863c | 1600 0041 | 8b71 1441 
  0x00000277002a1a88: 8379 0c02 | 0f86 3f16 | 0000 418b | 4918 6690 

  0x00000277002a1a98: ;   {oop(a 'java/lang/invoke/MethodType'{0x00000000807b1750} = (Ljava/lang/Object;Ljava/lang/Object;Ljava/lang/Object;Ljava/lang/Object;)Ljava/lang/Object;)}
  0x00000277002a1a98: 48b8 5017 | 7b80 0000 | 0000 483b 

  0x00000277002a1aa4: ;   {metadata(method data for {method} {0x000002770f3c8518} 'invokeImpl' '(Ljava/lang/Object;[Ljava/lang/Object;)Ljava/lang/Object;' in 'jdk/internal/reflect/DirectMethodHandleAccessor')}
  0x00000277002a1aa4: 0349 b990 | 053a 5077 | 0200 004d | 8d89 1803 | 0000 4d85 | c075 0f41 | f641 0801 | 7554 f049 
  0x00000277002a1ac4: 8349 0801 | eb4c 458b | 5808 49ba | 0000 000f | 7702 0000 | 4d03 da4d | 8bd3 4d33 | 5908 49f7 
  0x00000277002a1ae4: c3fc ffff | ff74 2b41 | f6c3 0275 | 2549 f741 | 08fe ffff | ff74 174d | 8bda 4d33 | 5908 49f7 
  0x00000277002a1b04: c3fc ffff | ff74 0b49 | 8349 0802 | eb04 4d89 | 5908 4885 | ff75 0f41 | f641 1801 | 7554 f049 
  0x00000277002a1b24: 8349 1801 | eb4c 448b | 5f08 49ba | 0000 000f | 7702 0000 | 4d03 da4d | 8bd3 4d33 | 5918 49f7 
  0x00000277002a1b44: c3fc ffff | ff74 2b41 | f6c3 0275 | 2549 f741 | 18fe ffff | ff74 174d | 8bda 4d33 | 5918 49f7 
  0x00000277002a1b64: c3fc ffff | ff74 0b49 | 8349 1802 | eb04 4d89 | 5918 4c8b 

  0x00000277002a1b78: ;   {metadata(method data for {method} {0x000002770f3c8518} 'invokeImpl' '(Ljava/lang/Object;[Ljava/lang/Object;)Ljava/lang/Object;' in 'jdk/internal/reflect/DirectMethodHandleAccessor')}
  0x00000277002a1b78: cb49 bb90 | 053a 5077 | 0200 0045 | 8b49 0849 | ba00 0000 | 0f77 0200 | 004d 03ca | 4d3b 8bf0 
  0x00000277002a1b98: 0200 0075 | 0d49 8383 | f802 0000 | 01e9 6000 | 0000 4d3b | 8b00 0300 | 0075 0d49 | 8383 0803 
  0x00000277002a1bb8: 0000 01e9 | 4a00 0000 | 4983 bbf0 | 0200 0000 | 7517 4d89 | 8bf0 0200 | 0049 c783 | f802 0000 
  0x00000277002a1bd8: 0100 0000 | e929 0000 | 0049 83bb | 0003 0000 | 0075 174d | 898b 0003 | 0000 49c7 | 8308 0300 
  0x00000277002a1bf8: 0001 0000 | 00e9 0800 | 0000 4983 | 83e0 0200 | 0001 4c8b | cf48 8bfe | 488b f148 | 8bc8 488b 
  0x00000277002a1c18: d366 0f1f 

  0x00000277002a1c1c: ;   {optimized virtual_call}
  0x00000277002a1c1c: 4400 00e8 

  0x00000277002a1c20: ; ImmutableOopMap {[168]=Oop }
                      ;*invokevirtual invokeExact {reexecute=0 rethrow=0 return_oop=0}
                      ; - jdk.internal.reflect.DirectMethodHandleAccessor::invokeImpl@92
                      ; - jdk.internal.reflect.DirectMethodHandleAccessor::invoke@23
  0x00000277002a1c20: d917 0000 

  0x00000277002a1c24: ;   {other}
  0x00000277002a1c24: 0f1f 8400 | 940f 0004 

  0x00000277002a1c2c: ;   {metadata(method data for {method} {0x000002770f3c8518} 'invokeImpl' '(Ljava/lang/Object;[Ljava/lang/Object;)Ljava/lang/Object;' in 'jdk/internal/reflect/DirectMethodHandleAccessor')}
  0x00000277002a1c2c: 48ba 9005 | 3a50 7702 | 0000 488d | 9238 0300 | 0048 85c0 | 750c f602 | 0175 4df0 | 4883 0a01 
  0x00000277002a1c4c: eb46 8b70 | 0849 ba00 | 0000 0f77 | 0200 0049 | 03f2 4c8b | d648 3332 | 48f7 c6fc | ffff ff74 
  0x00000277002a1c6c: 2740 f6c6 | 0275 2148 | f702 feff | ffff 7415 | 498b f248 | 3332 48f7 | c6fc ffff | ff74 0948 
  0x00000277002a1c8c: 830a 02eb | 0348 8932 

  0x00000277002a1c94: ;   {metadata(method data for {method} {0x000002770f3c8518} 'invokeImpl' '(Ljava/lang/Object;[Ljava/lang/Object;)Ljava/lang/Object;' in 'jdk/internal/reflect/DirectMethodHandleAccessor')}
  0x00000277002a1c94: 48ba 9005 | 3a50 7702 | 0000 ff82 | 4803 0000 | 4881 c430 | 0100 005d 

  0x00000277002a1cac: ;   {poll_return}
  0x00000277002a1cac: 493b a750 | 0400 000f | 8748 1400 | 00c3 4c8b | 8c24 b000 | 0000 4c8b | 8424 b800 | 0000 8b72 
  0x00000277002a1ccc: 1848 89b4 | 24d0 0000 | 0041 8379 | 0c00 0f86 | 4114 0000 | 418b 7910 | 4889 bc24 | c800 0000 
  0x00000277002a1cec: 4183 790c | 010f 863c | 1400 0041 | 8b59 1448 | 899c 24d8 

  0x00000277002a1d00: ;   {metadata(method data for {method} {0x000002770f3c8518} 'invokeImpl' '(Ljava/lang/Object;[Ljava/lang/Object;)Ljava/lang/Object;' in 'jdk/internal/reflect/DirectMethodHandleAccessor')}
  0x00000277002a1d00: 0000 0048 | b890 053a | 5077 0200 | 0048 8d80 | 9802 0000 | 4d85 c075 | 0ef6 4008 | 0175 53f0 
  0x00000277002a1d20: 4883 4808 | 01eb 4b41 | 8b48 0849 | ba00 0000 | 0f77 0200 | 0049 03ca | 4c8b d148 | 3348 0848 
  0x00000277002a1d40: f7c1 fcff | ffff 742a | f6c1 0275 | 2548 f740 | 08fe ffff | ff74 1749 | 8bca 4833 | 4808 48f7 
  0x00000277002a1d60: c1fc ffff | ff74 0b48 | 8348 0802 | eb04 4889 

  0x00000277002a1d70: ;   {metadata(method data for {method} {0x0000027750405ab8} 'invokeExact_MT' '(Ljava/lang/Object;Ljava/lang/Object;Ljava/lang/Object;Ljava/lang/Object;Ljava/lang/Object;)Ljava/lang/Object;' in 'java/lang/invoke/LambdaForm$MH+0x0000027710002c00')}
  0x00000277002a1d70: 4808 48b8 | 185d 4050 | 7702 0000 | 488d 80c0 | 0200 0048 | 85f6 750c | f600 0175 | 4cf0 4883 
  0x00000277002a1d90: 0801 eb45 | 8b4e 0849 | ba00 0000 | 0f77 0200 | 0049 03ca | 4c8b d148 | 3308 48f7 | c1fc ffff 
  0x00000277002a1db0: ff74 26f6 | c102 7521 | 48f7 00fe | ffff ff74 | 1549 8bca | 4833 0848 | f7c1 fcff | ffff 7409 
  0x00000277002a1dd0: 4883 0802 | eb03 4889 | 084d 85c0 | 750e f640 | 1001 7553 | f048 8348 | 1001 eb4b | 418b 4808 
  0x00000277002a1df0: 49ba 0000 | 000f 7702 | 0000 4903 | ca4c 8bd1 | 4833 4810 | 48f7 c1fc | ffff ff74 | 2af6 c102 
  0x00000277002a1e10: 7525 48f7 | 4010 feff | ffff 7417 | 498b ca48 | 3348 1048 | f7c1 fcff | ffff 740b | 4883 4810 
  0x00000277002a1e30: 02eb 0448 

  0x00000277002a1e34: ;   {metadata(method data for {method} {0x000002770f3c8518} 'invokeImpl' '(Ljava/lang/Object;[Ljava/lang/Object;)Ljava/lang/Object;' in 'jdk/internal/reflect/DirectMethodHandleAccessor')}
  0x00000277002a1e34: 8948 1048 | b890 053a | 5077 0200 | 0048 8380 | 6002 0000 

  0x00000277002a1e48: ;   {metadata(method data for {method} {0x0000027750405ab8} 'invokeExact_MT' '(Ljava/lang/Object;Ljava/lang/Object;Ljava/lang/Object;Ljava/lang/Object;Ljava/lang/Object;)Ljava/lang/Object;' in 'java/lang/invoke/LambdaForm$MH+0x0000027710002c00')}
  0x00000277002a1e48: 0148 b818 | 5d40 5077 | 0200 008b | 88cc 0000 | 0083 c102 | 8988 cc00 | 0000 81e1 | feff 1f00 
  0x00000277002a1e68: 85c9 0f84 | d512 0000 

  0x00000277002a1e70: ;   {metadata(method data for {method} {0x0000027750405ab8} 'invokeExact_MT' '(Ljava/lang/Object;Ljava/lang/Object;Ljava/lang/Object;Ljava/lang/Object;Ljava/lang/Object;)Ljava/lang/Object;' in 'java/lang/invoke/LambdaForm$MH+0x0000027710002c00')}
  0x00000277002a1e70: 48b8 185d | 4050 7702 | 0000 488d | 8090 0100 | 0048 85f6 | 750e f640 | 0801 7552 | f048 8348 
  0x00000277002a1e90: 0801 eb4a | 8b4e 0849 | ba00 0000 | 0f77 0200 | 0049 03ca | 4c8b d148 | 3348 0848 | f7c1 fcff 
  0x00000277002a1eb0: ffff 742a | f6c1 0275 | 2548 f740 | 08fe ffff | ff74 1749 | 8bca 4833 | 4808 48f7 | c1fc ffff 
  0x00000277002a1ed0: ff74 0b48 | 8348 0802 | eb04 4889 

  0x00000277002a1edc: ;   {oop(a 'java/lang/invoke/MethodType'{0x0000000080002250} = (Ljava/lang/Object;Ljava/lang/Object;Ljava/lang/Object;)Ljava/lang/Object;)}
  0x00000277002a1edc: 4808 48b9 | 5022 0080 | 0000 0000 | 4885 c975 | 0cf6 4018 | 0175 06f0 | 4883 4818 

  0x00000277002a1ef8: ;   {metadata(method data for {method} {0x0000027750405ab8} 'invokeExact_MT' '(Ljava/lang/Object;Ljava/lang/Object;Ljava/lang/Object;Ljava/lang/Object;Ljava/lang/Object;)Ljava/lang/Object;' in 'java/lang/invoke/LambdaForm$MH+0x0000027710002c00')}
  0x00000277002a1ef8: 0148 b818 | 5d40 5077 | 0200 0048 | 8380 8001 

  0x00000277002a1f08: ;   {metadata(method data for {method} {0x000002770f3dc408} 'checkExactType' '(Ljava/lang/invoke/MethodHandle;Ljava/lang/invoke/MethodType;)V' in 'java/lang/invoke/Invokers')}
  0x00000277002a1f08: 0000 0148 | b8c8 ea2e | 5077 0200 | 0044 8b88 | cc00 0000 | 4183 c102 | 4489 88cc | 0000 0041 
  0x00000277002a1f28: 81e1 feff | 1f00 4585 | c90f 842f | 1200 0048 | 3b06 488b 

  0x00000277002a1f3c: ;   {metadata(method data for {method} {0x000002770f3dc408} 'checkExactType' '(Ljava/lang/invoke/MethodHandle;Ljava/lang/invoke/MethodType;)V' in 'java/lang/invoke/Invokers')}
  0x00000277002a1f3c: c649 b9c8 | ea2e 5077 | 0200 008b | 4008 49ba | 0000 000f | 7702 0000 | 4903 c249 | 3b81 2001 
  0x00000277002a1f5c: 0000 750d | 4983 8128 | 0100 0001 | e960 0000 | 0049 3b81 | 3001 0000 | 750d 4983 | 8138 0100 
  0x00000277002a1f7c: 0001 e94a | 0000 0049 | 83b9 2001 | 0000 0075 | 1749 8981 | 2001 0000 | 49c7 8128 | 0100 0001 
  0x00000277002a1f9c: 0000 00e9 | 2900 0000 | 4983 b930 | 0100 0000 | 7517 4989 | 8130 0100 | 0049 c781 | 3801 0000 
  0x00000277002a1fbc: 0100 0000 | e908 0000 | 0049 8381 | 1001 0000 | 018b 4610 

  0x00000277002a1fd0: ;   {metadata(method data for {method} {0x000002770f3dc408} 'checkExactType' '(Ljava/lang/invoke/MethodHandle;Ljava/lang/invoke/MethodType;)V' in 'java/lang/invoke/Invokers')}
  0x00000277002a1fd0: 483b c148 | b9c8 ea2e | 5077 0200 | 0049 c7c1 | 5801 0000 | 7507 49c7 | c148 0100 | 004e 8b1c 
  0x00000277002a1ff0: 094d 8d5b | 014e 891c | 090f 8598 

  0x00000277002a1ffc: ;   {metadata(method data for {method} {0x0000027750405ab8} 'invokeExact_MT' '(Ljava/lang/Object;Ljava/lang/Object;Ljava/lang/Object;Ljava/lang/Object;Ljava/lang/Object;)Ljava/lang/Object;' in 'java/lang/invoke/LambdaForm$MH+0x0000027710002c00')}
  0x00000277002a1ffc: 0900 0048 | b818 5d40 | 5077 0200 | 0048 8d80 | c801 0000 | 8b4e 0849 | ba00 0000 | 0f77 0200 
  0x00000277002a201c: 0049 03ca | 4c8b d148 | 3348 0848 | f7c1 fcff | ffff 742a | f6c1 0275 | 2548 f740 | 08fe ffff 
  0x00000277002a203c: ff74 1749 | 8bca 4833 | 4808 48f7 | c1fc ffff | ff74 0b48 | 8348 0802 | eb04 4889 

  0x00000277002a2058: ;   {metadata(method data for {method} {0x0000027750405ab8} 'invokeExact_MT' '(Ljava/lang/Object;Ljava/lang/Object;Ljava/lang/Object;Ljava/lang/Object;Ljava/lang/Object;)Ljava/lang/Object;' in 'java/lang/invoke/LambdaForm$MH+0x0000027710002c00')}
  0x00000277002a2058: 4808 48b8 | 185d 4050 | 7702 0000 | 4883 80b8 | 0100 0001 

  0x00000277002a206c: ;   {metadata(method data for {method} {0x000002770f3dc300} 'checkCustomized' '(Ljava/lang/invoke/MethodHandle;)V' in 'java/lang/invoke/Invokers')}
  0x00000277002a206c: 48b8 18ef | 2e50 7702 | 0000 8b88 | cc00 0000 | 83c1 0289 | 88cc 0000 | 0081 e1fe | ff1f 0085 
  0x00000277002a208c: c90f 84f9 

  0x00000277002a2090: ;   {metadata(method data for {method} {0x000002770f3dc300} 'checkCustomized' '(Ljava/lang/invoke/MethodHandle;)V' in 'java/lang/invoke/Invokers')}
  0x00000277002a2090: 1000 0048 | b818 ef2e | 5077 0200 | 0048 8380 | 1001 0000 

  0x00000277002a20a4: ;   {metadata(method data for {method} {0x000002770f0944d8} 'isCompileConstant' '(Ljava/lang/Object;)Z' in 'java/lang/invoke/MethodHandleImpl')}
  0x00000277002a20a4: 0148 b8c8 | f02e 5077 | 0200 008b | 88cc 0000 | 0083 c102 | 8988 cc00 | 0000 81e1 | feff 1f00 
  0x00000277002a20c4: 85c9 0f84 | e110 0000 

  0x00000277002a20cc: ;   {metadata(method data for {method} {0x000002770f3dc300} 'checkCustomized' '(Ljava/lang/invoke/MethodHandle;)V' in 'java/lang/invoke/Invokers')}
  0x00000277002a20cc: 48b8 18ef | 2e50 7702 | 0000 ff80 | 2001 0000 | 8b46 148b | 401c 4885 

  0x00000277002a20e4: ;   {metadata(method data for {method} {0x000002770f3dc300} 'checkCustomized' '(Ljava/lang/invoke/MethodHandle;)V' in 'java/lang/invoke/Invokers')}
  0x00000277002a20e4: c048 b818 | ef2e 5077 | 0200 0048 | c7c1 4001 | 0000 7507 | 48c7 c150 | 0100 004c | 8b0c 084d 
  0x00000277002a2104: 8d49 014c | 890c 080f | 8523 0000 

  0x00000277002a2110: ;   {metadata(method data for {method} {0x000002770f3dc300} 'checkCustomized' '(Ljava/lang/invoke/MethodHandle;)V' in 'java/lang/invoke/Invokers')}
  0x00000277002a2110: 0048 b818 | ef2e 5077 | 0200 0048 | 8380 6001 | 0000 0148 

  0x00000277002a2124: ;   {static_call}
  0x00000277002a2124: 8bd6 90e8 

  0x00000277002a2128: ; ImmutableOopMap {[168]=Oop [184]=Oop [200]=Oop [208]=Oop [216]=Oop }
                      ;*invokestatic maybeCustomize {reexecute=0 rethrow=0 return_oop=0}
                      ; - java.lang.invoke.Invokers::checkCustomized@19
                      ; - java.lang.invoke.LambdaForm$MH/0x0000027710002c00::invokeExact_MT@15
                      ; - jdk.internal.reflect.DirectMethodHandleAccessor::invokeImpl@72
                      ; - jdk.internal.reflect.DirectMethodHandleAccessor::invoke@23
  0x00000277002a2128: 94b8 ffff 

  0x00000277002a212c: ;   {other}
  0x00000277002a212c: 0f1f 8400 | 9c14 0005 | 488b bc24 | c800 0000 | 4c8b 8424 | b800 0000 

  0x00000277002a2144: ;   {metadata(method data for {method} {0x0000027750405ab8} 'invokeExact_MT' '(Ljava/lang/Object;Ljava/lang/Object;Ljava/lang/Object;Ljava/lang/Object;Ljava/lang/Object;)Ljava/lang/Object;' in 'java/lang/invoke/LambdaForm$MH+0x0000027710002c00')}
  0x00000277002a2144: 49b9 185d | 4050 7702 | 0000 4d8d | 8918 0200 | 004d 85c0 | 750f 41f6 | 4108 0175 | 53f0 4983 
  0x00000277002a2164: 4908 01eb | 4b41 8b50 | 0849 ba00 | 0000 0f77 | 0200 0049 | 03d2 4c8b | d249 3351 | 0848 f7c2 
  0x00000277002a2184: fcff ffff | 742a f6c2 | 0275 2549 | f741 08fe | ffff ff74 | 1749 8bd2 | 4933 5108 | 48f7 c2fc 
  0x00000277002a21a4: ffff ff74 | 0b49 8349 | 0802 eb04 | 4989 5108 | 4885 ff75 | 0f41 f641 | 1801 7552 | f049 8349 
  0x00000277002a21c4: 1801 eb4a | 8b57 0849 | ba00 0000 | 0f77 0200 | 0049 03d2 | 4c8b d249 | 3351 1848 | f7c2 fcff 
  0x00000277002a21e4: ffff 742a | f6c2 0275 | 2549 f741 | 18fe ffff | ff74 1749 | 8bd2 4933 | 5118 48f7 | c2fc ffff 
  0x00000277002a2204: ff74 0b49 | 8349 1802 | eb04 4989 | 5118 488b | b424 d000 

  0x00000277002a2218: ;   {metadata(method data for {method} {0x0000027750405ab8} 'invokeExact_MT' '(Ljava/lang/Object;Ljava/lang/Object;Ljava/lang/Object;Ljava/lang/Object;Ljava/lang/Object;)Ljava/lang/Object;' in 'java/lang/invoke/LambdaForm$MH+0x0000027710002c00')}
  0x00000277002a2218: 0000 49b9 | 185d 4050 | 7702 0000 | 4983 81e0 | 0100 0001 | 4c8b cf48 | 8bbc 24d8 | 0000 0048 
  0x00000277002a2238: 8b94 24d0 

  0x00000277002a223c: ;   {optimized virtual_call}
  0x00000277002a223c: 0000 00e8 

  0x00000277002a2240: ; ImmutableOopMap {[168]=Oop }
                      ;*invokevirtual invokeBasic {reexecute=0 rethrow=0 return_oop=0}
                      ; - java.lang.invoke.LambdaForm$MH/0x0000027710002c00::invokeExact_MT@22
                      ; - jdk.internal.reflect.DirectMethodHandleAccessor::invokeImpl@72
                      ; - jdk.internal.reflect.DirectMethodHandleAccessor::invoke@23
  0x00000277002a2240: 3c2f 8307 

  0x00000277002a2244: ;   {other}
  0x00000277002a2244: 0f1f 8400 | b415 0006 

  0x00000277002a224c: ;   {metadata(method data for {method} {0x0000027750405ab8} 'invokeExact_MT' '(Ljava/lang/Object;Ljava/lang/Object;Ljava/lang/Object;Ljava/lang/Object;Ljava/lang/Object;)Ljava/lang/Object;' in 'java/lang/invoke/LambdaForm$MH+0x0000027710002c00')}
  0x00000277002a224c: 49b8 185d | 4050 7702 | 0000 4d8d | 8038 0200 | 0048 85c0 | 750d 41f6 | 0001 754e | f049 8308 
  0x00000277002a226c: 01eb 4744 | 8b48 0849 | ba00 0000 | 0f77 0200 | 004d 03ca | 4d8b d14d | 3308 49f7 | c1fc ffff 
  0x00000277002a228c: ff74 2741 | f6c1 0275 | 2149 f700 | feff ffff | 7415 4d8b | ca4d 3308 | 49f7 c1fc | ffff ff74 
  0x00000277002a22ac: 0949 8308 | 02eb 034d 

  0x00000277002a22b4: ;   {metadata(method data for {method} {0x000002770f3c8518} 'invokeImpl' '(Ljava/lang/Object;[Ljava/lang/Object;)Ljava/lang/Object;' in 'jdk/internal/reflect/DirectMethodHandleAccessor')}
  0x00000277002a22b4: 8908 49b8 | 9005 3a50 | 7702 0000 | 4d8d 80b8 | 0200 0048 | 85c0 750d | 41f6 0001 | 754e f049 
  0x00000277002a22d4: 8308 01eb | 4744 8b48 | 0849 ba00 | 0000 0f77 | 0200 004d | 03ca 4d8b | d14d 3308 | 49f7 c1fc 
  0x00000277002a22f4: ffff ff74 | 2741 f6c1 | 0275 2149 | f700 feff | ffff 7415 | 4d8b ca4d | 3308 49f7 | c1fc ffff 
  0x00000277002a2314: ff74 0949 | 8308 02eb | 034d 8908 

  0x00000277002a2320: ;   {metadata(method data for {method} {0x000002770f3c8518} 'invokeImpl' '(Ljava/lang/Object;[Ljava/lang/Object;)Ljava/lang/Object;' in 'jdk/internal/reflect/DirectMethodHandleAccessor')}
  0x00000277002a2320: 49b8 9005 | 3a50 7702 | 0000 41ff | 80c8 0200 | 0048 81c4 | 3001 0000 

  0x00000277002a2338: ;   {poll_return}
  0x00000277002a2338: 5d49 3ba7 | 5004 0000 | 0f87 8d0e | 0000 c34c | 8b8c 24b0 | 0000 004c | 8b84 24b8 | 0000 008b 
  0x00000277002a2358: 7218 4183 | 790c 000f | 868e 0e00 | 0045 8b49 | 100f 1f80 | 0000 0000 

  0x00000277002a2370: ;   {oop(a 'java/lang/invoke/MethodType'{0x0000000080002278} = (Ljava/lang/Object;Ljava/lang/Object;)Ljava/lang/Object;)}
  0x00000277002a2370: 48bf 7822 | 0080 0000 | 0000 483b 

  0x00000277002a237c: ;   {metadata(method data for {method} {0x000002770f3c8518} 'invokeImpl' '(Ljava/lang/Object;[Ljava/lang/Object;)Ljava/lang/Object;' in 'jdk/internal/reflect/DirectMethodHandleAccessor')}
  0x00000277002a237c: 0648 bb90 | 053a 5077 | 0200 0048 | 8d9b 1802 | 0000 4d85 | c075 0ef6 | 4308 0175 | 50f0 4883 
  0x00000277002a239c: 4b08 01eb | 4841 8b40 | 0849 ba00 | 0000 0f77 | 0200 0049 | 03c2 4c8b | d048 3343 | 0848 a9fc 
  0x00000277002a23bc: ffff ff74 | 28a8 0275 | 2448 f743 | 08fe ffff | ff74 1649 | 8bc2 4833 | 4308 48a9 | fcff ffff 
  0x00000277002a23dc: 740b 4883 | 4b08 02eb | 0448 8943 | 084d 85c9 | 750e f643 | 1801 7550 | f048 834b | 1801 eb48 
  0x00000277002a23fc: 418b 4108 | 49ba 0000 | 000f 7702 | 0000 4903 | c24c 8bd0 | 4833 4318 | 48a9 fcff | ffff 7428 
  0x00000277002a241c: a802 7524 | 48f7 4318 | feff ffff | 7416 498b | c248 3343 | 1848 a9fc | ffff ff74 | 0b48 834b 
  0x00000277002a243c: 1802 eb04 | 4889 4318 

  0x00000277002a2444: ;   {metadata(method data for {method} {0x000002770f3c8518} 'invokeImpl' '(Ljava/lang/Object;[Ljava/lang/Object;)Ljava/lang/Object;' in 'jdk/internal/reflect/DirectMethodHandleAccessor')}
  0x00000277002a2444: 488b de48 | b890 053a | 5077 0200 | 008b 5b08 | 49ba 0000 | 000f 7702 | 0000 4903 | da48 3b98 
  0x00000277002a2464: f001 0000 | 750d 4883 | 80f8 0100 | 0001 e960 | 0000 0048 | 3b98 0002 | 0000 750d | 4883 8008 
  0x00000277002a2484: 0200 0001 | e94a 0000 | 0048 83b8 | f001 0000 | 0075 1748 | 8998 f001 | 0000 48c7 | 80f8 0100 
  0x00000277002a24a4: 0001 0000 | 00e9 2900 | 0000 4883 | b800 0200 | 0000 7517 | 4889 9800 | 0200 0048 | c780 0802 
  0x00000277002a24c4: 0000 0100 | 0000 e908 | 0000 0048 | 8380 e001 | 0000 0148 | 8bd6 0f1f 

  0x00000277002a24dc: ;   {optimized virtual_call}
  0x00000277002a24dc: 4400 00e8 

  0x00000277002a24e0: ; ImmutableOopMap {[168]=Oop }
                      ;*invokevirtual invokeExact {reexecute=0 rethrow=0 return_oop=0}
                      ; - jdk.internal.reflect.DirectMethodHandleAccessor::invokeImpl@55
                      ; - jdk.internal.reflect.DirectMethodHandleAccessor::invoke@23
  0x00000277002a24e0: 290f 0000 

  0x00000277002a24e4: ;   {other}
  0x00000277002a24e4: 0f1f 8400 | 5418 0007 

  0x00000277002a24ec: ;   {metadata(method data for {method} {0x000002770f3c8518} 'invokeImpl' '(Ljava/lang/Object;[Ljava/lang/Object;)Ljava/lang/Object;' in 'jdk/internal/reflect/DirectMethodHandleAccessor')}
  0x00000277002a24ec: 48ba 9005 | 3a50 7702 | 0000 488d | 9238 0200 | 0048 85c0 | 750c f602 | 0175 4df0 | 4883 0a01 
  0x00000277002a250c: eb46 8b70 | 0849 ba00 | 0000 0f77 | 0200 0049 | 03f2 4c8b | d648 3332 | 48f7 c6fc | ffff ff74 
  0x00000277002a252c: 2740 f6c6 | 0275 2148 | f702 feff | ffff 7415 | 498b f248 | 3332 48f7 | c6fc ffff | ff74 0948 
  0x00000277002a254c: 830a 02eb | 0348 8932 

  0x00000277002a2554: ;   {metadata(method data for {method} {0x000002770f3c8518} 'invokeImpl' '(Ljava/lang/Object;[Ljava/lang/Object;)Ljava/lang/Object;' in 'jdk/internal/reflect/DirectMethodHandleAccessor')}
  0x00000277002a2554: 48ba 9005 | 3a50 7702 | 0000 ff82 | 4802 0000 | 4881 c430 | 0100 005d 

  0x00000277002a256c: ;   {poll_return}
  0x00000277002a256c: 493b a750 | 0400 000f | 87aa 0c00 | 00c3 4c8b | 8424 b800 | 0000 8b72 | 1848 89b4 | 24e0 0000 
  0x00000277002a258c: ;   {metadata(method data for {method} {0x000002770f3c8518} 'invokeImpl' '(Ljava/lang/Object;[Ljava/lang/Object;)Ljava/lang/Object;' in 'jdk/internal/reflect/DirectMethodHandleAccessor')}
  0x00000277002a258c: 0048 bf90 | 053a 5077 | 0200 0048 | 8dbf a801 | 0000 4d85 | c075 0ef6 | 4708 0175 | 53f0 4883 
  0x00000277002a25ac: 4f08 01eb | 4b41 8b58 | 0849 ba00 | 0000 0f77 | 0200 0049 | 03da 4c8b | d348 335f | 0848 f7c3 
  0x00000277002a25cc: fcff ffff | 742a f6c3 | 0275 2548 | f747 08fe | ffff ff74 | 1749 8bda | 4833 5f08 | 48f7 c3fc 
  0x00000277002a25ec: ffff ff74 | 0b48 834f | 0802 eb04 | 4889 5f08 

  0x00000277002a25fc: ;   {metadata(method data for {method} {0x000002770f0ae5c8} 'invokeExact_MT' '(Ljava/lang/Object;Ljava/lang/Object;Ljava/lang/Object;)Ljava/lang/Object;' in 'java/lang/invoke/Invokers$Holder')}
  0x00000277002a25fc: 48bf 3817 | 3650 7702 | 0000 488d | bfa0 0200 | 0048 85f6 | 750a f607 | 0175 05f0 | 4883 0f01 
  0x00000277002a261c: ;   {metadata(method data for {method} {0x000002770f3c8518} 'invokeImpl' '(Ljava/lang/Object;[Ljava/lang/Object;)Ljava/lang/Object;' in 'jdk/internal/reflect/DirectMethodHandleAccessor')}
  0x00000277002a261c: 48bf 9005 | 3a50 7702 | 0000 4883 | 8770 0100 

  0x00000277002a262c: ;   {metadata(method data for {method} {0x000002770f0ae5c8} 'invokeExact_MT' '(Ljava/lang/Object;Ljava/lang/Object;Ljava/lang/Object;)Ljava/lang/Object;' in 'java/lang/invoke/Invokers$Holder')}
  0x00000277002a262c: 0001 48bf | 3817 3650 | 7702 0000 | 8b9f cc00 | 0000 83c3 | 0289 9fcc | 0000 0081 | e3fe ff1f 
  0x00000277002a264c: 0085 db0f | 84e4 0b00 

  0x00000277002a2654: ;   {metadata(method data for {method} {0x000002770f0ae5c8} 'invokeExact_MT' '(Ljava/lang/Object;Ljava/lang/Object;Ljava/lang/Object;)Ljava/lang/Object;' in 'java/lang/invoke/Invokers$Holder')}
  0x00000277002a2654: 0048 bf38 | 1736 5077 | 0200 0048 | 8dbf 9001 | 0000 4885 | f675 0cf6 | 4708 0175 | 06f0 4883 
  0x00000277002a2674: ;   {oop(a 'java/lang/invoke/MethodType'{0x00000000800022a0} = (Ljava/lang/Object;)Ljava/lang/Object;)}
  0x00000277002a2674: 4f08 0148 | bba0 2200 | 8000 0000 | 0048 85db | 750c f647 | 1801 7506 | f048 834f 

  0x00000277002a2690: ;   {metadata(method data for {method} {0x000002770f0ae5c8} 'invokeExact_MT' '(Ljava/lang/Object;Ljava/lang/Object;Ljava/lang/Object;)Ljava/lang/Object;' in 'java/lang/invoke/Invokers$Holder')}
  0x00000277002a2690: 1801 48bf | 3817 3650 | 7702 0000 | 4883 8780 | 0100 0001 

  0x00000277002a26a4: ;   {metadata(method data for {method} {0x000002770f3dc408} 'checkExactType' '(Ljava/lang/invoke/MethodHandle;Ljava/lang/invoke/MethodType;)V' in 'java/lang/invoke/Invokers')}
  0x00000277002a26a4: 48bf c8ea | 2e50 7702 | 0000 8b87 | cc00 0000 | 83c0 0289 | 87cc 0000 | 0025 feff | 1f00 85c0 
  0x00000277002a26c4: 0f84 900b | 0000 483b | 0648 8bfe 

  0x00000277002a26d0: ;   {metadata(method data for {method} {0x000002770f3dc408} 'checkExactType' '(Ljava/lang/invoke/MethodHandle;Ljava/lang/invoke/MethodType;)V' in 'java/lang/invoke/Invokers')}
  0x00000277002a26d0: 48b8 c8ea | 2e50 7702 | 0000 8b7f | 0849 ba00 | 0000 0f77 | 0200 0049 | 03fa 483b | b820 0100 
  0x00000277002a26f0: 0075 0d48 | 8380 2801 | 0000 01e9 | 6000 0000 | 483b b830 | 0100 0075 | 0d48 8380 | 3801 0000 
  0x00000277002a2710: 01e9 4a00 | 0000 4883 | b820 0100 | 0000 7517 | 4889 b820 | 0100 0048 | c780 2801 | 0000 0100 
  0x00000277002a2730: 0000 e929 | 0000 0048 | 83b8 3001 | 0000 0075 | 1748 89b8 | 3001 0000 | 48c7 8038 | 0100 0001 
  0x00000277002a2750: 0000 00e9 | 0800 0000 | 4883 8010 | 0100 0001 | 8b7e 1048 

  0x00000277002a2764: ;   {metadata(method data for {method} {0x000002770f3dc408} 'checkExactType' '(Ljava/lang/invoke/MethodHandle;Ljava/lang/invoke/MethodType;)V' in 'java/lang/invoke/Invokers')}
  0x00000277002a2764: 3bfb 48bb | c8ea 2e50 | 7702 0000 | 48c7 c058 | 0100 0075 | 0748 c7c0 | 4801 0000 | 488b 0c03 
  0x00000277002a2784: 488d 4901 | 4889 0c03 | 0f85 c101 

  0x00000277002a2790: ;   {metadata(method data for {method} {0x000002770f0ae5c8} 'invokeExact_MT' '(Ljava/lang/Object;Ljava/lang/Object;Ljava/lang/Object;)Ljava/lang/Object;' in 'java/lang/invoke/Invokers$Holder')}
  0x00000277002a2790: 0000 48bf | 3817 3650 | 7702 0000 | 4883 87b8 | 0100 0001 

  0x00000277002a27a4: ;   {metadata(method data for {method} {0x000002770f3dc300} 'checkCustomized' '(Ljava/lang/invoke/MethodHandle;)V' in 'java/lang/invoke/Invokers')}
  0x00000277002a27a4: 48bf 18ef | 2e50 7702 | 0000 8b9f | cc00 0000 | 83c3 0289 | 9fcc 0000 | 0081 e3fe | ff1f 0085 
  0x00000277002a27c4: db0f 84b5 

  0x00000277002a27c8: ;   {metadata(method data for {method} {0x000002770f3dc300} 'checkCustomized' '(Ljava/lang/invoke/MethodHandle;)V' in 'java/lang/invoke/Invokers')}
  0x00000277002a27c8: 0a00 0048 | bf18 ef2e | 5077 0200 | 0048 8387 | 1001 0000 

  0x00000277002a27dc: ;   {metadata(method data for {method} {0x000002770f0944d8} 'isCompileConstant' '(Ljava/lang/Object;)Z' in 'java/lang/invoke/MethodHandleImpl')}
  0x00000277002a27dc: 0148 bfc8 | f02e 5077 | 0200 008b | 9fcc 0000 | 0083 c302 | 899f cc00 | 0000 81e3 | feff 1f00 
  0x00000277002a27fc: 85db 0f84 | 9d0a 0000 

  0x00000277002a2804: ;   {metadata(method data for {method} {0x000002770f3dc300} 'checkCustomized' '(Ljava/lang/invoke/MethodHandle;)V' in 'java/lang/invoke/Invokers')}
  0x00000277002a2804: 48bf 18ef | 2e50 7702 | 0000 ff87 | 2001 0000 | 8b7e 148b | 7f1c 4885 

  0x00000277002a281c: ;   {metadata(method data for {method} {0x000002770f3dc300} 'checkCustomized' '(Ljava/lang/invoke/MethodHandle;)V' in 'java/lang/invoke/Invokers')}
  0x00000277002a281c: ff48 bf18 | ef2e 5077 | 0200 0048 | c7c3 4001 | 0000 7507 | 48c7 c350 | 0100 0048 | 8b04 1f48 
  0x00000277002a283c: 8d40 0148 | 8904 1f0f | 8523 0000 

  0x00000277002a2848: ;   {metadata(method data for {method} {0x000002770f3dc300} 'checkCustomized' '(Ljava/lang/invoke/MethodHandle;)V' in 'java/lang/invoke/Invokers')}
  0x00000277002a2848: 0048 bf18 | ef2e 5077 | 0200 0048 | 8387 6001 | 0000 0148 

  0x00000277002a285c: ;   {static_call}
  0x00000277002a285c: 8bd6 90e8 

  0x00000277002a2860: ; ImmutableOopMap {[168]=Oop [184]=Oop [224]=Oop }
                      ;*invokestatic maybeCustomize {reexecute=0 rethrow=0 return_oop=0}
                      ; - java.lang.invoke.Invokers::checkCustomized@19
                      ; - java.lang.invoke.Invokers$Holder::invokeExact_MT@14
                      ; - jdk.internal.reflect.DirectMethodHandleAccessor::invokeImpl@41
                      ; - jdk.internal.reflect.DirectMethodHandleAccessor::invoke@23
  0x00000277002a2860: 5cb1 ffff 

  0x00000277002a2864: ;   {other}
  0x00000277002a2864: 0f1f 8400 | d41b 0008 | 488b b424 | e000 0000 

  0x00000277002a2874: ;   {metadata(method data for {method} {0x000002770f0ae5c8} 'invokeExact_MT' '(Ljava/lang/Object;Ljava/lang/Object;Ljava/lang/Object;)Ljava/lang/Object;' in 'java/lang/invoke/Invokers$Holder')}
  0x00000277002a2874: 49b8 3817 | 3650 7702 | 0000 4983 | 80e0 0100 | 0001 4c8b | 8424 b800 | 0000 488b | 9424 e000 
  0x00000277002a2894: ;   {optimized virtual_call}
  0x00000277002a2894: 0000 90e8 

  0x00000277002a2898: ; ImmutableOopMap {[168]=Oop }
                      ;*invokevirtual invokeBasic {reexecute=0 rethrow=0 return_oop=0}
                      ; - java.lang.invoke.Invokers$Holder::invokeExact_MT@19
                      ; - jdk.internal.reflect.DirectMethodHandleAccessor::invokeImpl@41
                      ; - jdk.internal.reflect.DirectMethodHandleAccessor::invoke@23
  0x00000277002a2898: 6411 8207 

  0x00000277002a289c: ;   {other}
  0x00000277002a289c: 0f1f 8400 | 0c1c 0009 

  0x00000277002a28a4: ;   {metadata(method data for {method} {0x000002770f0ae5c8} 'invokeExact_MT' '(Ljava/lang/Object;Ljava/lang/Object;Ljava/lang/Object;)Ljava/lang/Object;' in 'java/lang/invoke/Invokers$Holder')}
  0x00000277002a28a4: 48ba 3817 | 3650 7702 | 0000 488d | 9228 0200 | 0048 85c0 | 750a f602 | 0175 05f0 | 4883 0a01 
  0x00000277002a28c4: ;   {metadata(method data for {method} {0x000002770f3c8518} 'invokeImpl' '(Ljava/lang/Object;[Ljava/lang/Object;)Ljava/lang/Object;' in 'jdk/internal/reflect/DirectMethodHandleAccessor')}
  0x00000277002a28c4: 48ba 9005 | 3a50 7702 | 0000 488d | 92b8 0100 | 0048 85c0 | 750c f602 | 0175 4ef0 | 4883 0a01 
  0x00000277002a28e4: eb47 448b | 4008 49ba | 0000 000f | 7702 0000 | 4d03 c24d | 8bd0 4c33 | 0249 f7c0 | fcff ffff 
  0x00000277002a2904: 7427 41f6 | c002 7521 | 48f7 02fe | ffff ff74 | 154d 8bc2 | 4c33 0249 | f7c0 fcff | ffff 7409 
  0x00000277002a2924: 4883 0a02 | eb03 4c89 

  0x00000277002a292c: ;   {metadata(method data for {method} {0x000002770f3c8518} 'invokeImpl' '(Ljava/lang/Object;[Ljava/lang/Object;)Ljava/lang/Object;' in 'jdk/internal/reflect/DirectMethodHandleAccessor')}
  0x00000277002a292c: 0248 ba90 | 053a 5077 | 0200 00ff | 82c8 0100 | 0048 81c4 | 3001 0000 

  0x00000277002a2944: ;   {poll_return}
  0x00000277002a2944: 5d49 3ba7 | 5004 0000 | 0f87 7509 

  0x00000277002a2950: ;   {metadata(method data for {method} {0x000002770f3dc408} 'checkExactType' '(Ljava/lang/invoke/MethodHandle;Ljava/lang/invoke/MethodType;)V' in 'java/lang/invoke/Invokers')}
  0x00000277002a2950: 0000 c348 | bac8 ea2e | 5077 0200 | 0048 8382 | 6801 0000 

  0x00000277002a2964: ;   {oop(a 'java/lang/invoke/MethodType'{0x00000000800022a0} = (Ljava/lang/Object;)Ljava/lang/Object;)}
  0x00000277002a2964: 0149 b8a0 | 2200 8000 | 0000 0048 | 8bd7 0f1f 

  0x00000277002a2974: ;   {static_call}
  0x00000277002a2974: 4400 00e8 

  0x00000277002a2978: ; ImmutableOopMap {[168]=Oop [184]=Oop [224]=Oop }
                      ;*invokestatic newWrongMethodTypeException {reexecute=0 rethrow=0 return_oop=0}
                      ; - java.lang.invoke.Invokers::checkExactType@12
                      ; - java.lang.invoke.Invokers$Holder::invokeExact_MT@10
                      ; - jdk.internal.reflect.DirectMethodHandleAccessor::invokeImpl@41
                      ; - jdk.internal.reflect.DirectMethodHandleAccessor::invoke@23
  0x00000277002a2978: 04c4 2d07 

  0x00000277002a297c: ;   {other}
  0x00000277002a297c: 0f1f 8400 | ec1c 000a 

  0x00000277002a2984: ; implicit exception: dispatches to 0x00000277002a32dd
                      ; ImmutableOopMap {rax=Oop [168]=Oop [184]=Oop [224]=Oop }
                      ;*athrow {reexecute=1 rethrow=0 return_oop=0}
                      ; - (reexecute) java.lang.invoke.Invokers::checkExactType@15
                      ; - java.lang.invoke.Invokers$Holder::invokeExact_MT@10
                      ; - jdk.internal.reflect.DirectMethodHandleAccessor::invokeImpl@41
                      ; - jdk.internal.reflect.DirectMethodHandleAccessor::invoke@23
                      ;   {section_word}
  0x00000277002a2984: 483b 0048 | ba87 292a | 0077 0200 

  0x00000277002a2990: ;   {runtime_call handle_exception_nofpu Runtime1 stub}
  0x00000277002a2990: 00e8 6ade 

  0x00000277002a2994: ;   {metadata(method data for {method} {0x000002770f3dc408} 'checkExactType' '(Ljava/lang/invoke/MethodHandle;Ljava/lang/invoke/MethodType;)V' in 'java/lang/invoke/Invokers')}
  0x00000277002a2994: 2f07 9048 | bac8 ea2e | 5077 0200 | 0048 8382 | 6801 0000 

  0x00000277002a29a8: ;   {oop(a 'java/lang/invoke/MethodType'{0x0000000080002250} = (Ljava/lang/Object;Ljava/lang/Object;Ljava/lang/Object;)Ljava/lang/Object;)}
  0x00000277002a29a8: 0149 b850 | 2200 8000 | 0000 0048 

  0x00000277002a29b4: ;   {static_call}
  0x00000277002a29b4: 8bd0 90e8 

  0x00000277002a29b8: ; ImmutableOopMap {[168]=Oop [184]=Oop [200]=Oop [208]=Oop [216]=Oop }
                      ;*invokestatic newWrongMethodTypeException {reexecute=0 rethrow=0 return_oop=0}
                      ; - java.lang.invoke.Invokers::checkExactType@12
                      ; - java.lang.invoke.LambdaForm$MH/0x0000027710002c00::invokeExact_MT@11
                      ; - jdk.internal.reflect.DirectMethodHandleAccessor::invokeImpl@72
                      ; - jdk.internal.reflect.DirectMethodHandleAccessor::invoke@23
  0x00000277002a29b8: c4c3 2d07 

  0x00000277002a29bc: ;   {other}
  0x00000277002a29bc: 0f1f 8400 | 2c1d 000c 

  0x00000277002a29c4: ; implicit exception: dispatches to 0x00000277002a32e2
                      ; ImmutableOopMap {rax=Oop [168]=Oop [184]=Oop [200]=Oop [208]=Oop [216]=Oop }
                      ;*athrow {reexecute=1 rethrow=0 return_oop=0}
                      ; - (reexecute) java.lang.invoke.Invokers::checkExactType@15
                      ; - java.lang.invoke.LambdaForm$MH/0x0000027710002c00::invokeExact_MT@11
                      ; - jdk.internal.reflect.DirectMethodHandleAccessor::invokeImpl@72
                      ; - jdk.internal.reflect.DirectMethodHandleAccessor::invoke@23
                      ;   {section_word}
  0x00000277002a29c4: 483b 0048 | bac7 292a | 0077 0200 

  0x00000277002a29d0: ;   {runtime_call handle_exception_nofpu Runtime1 stub}
  0x00000277002a29d0: 00e8 2ade 

  0x00000277002a29d4: ;   {metadata(method data for {method} {0x000002770f3dc408} 'checkExactType' '(Ljava/lang/invoke/MethodHandle;Ljava/lang/invoke/MethodType;)V' in 'java/lang/invoke/Invokers')}
  0x00000277002a29d4: 2f07 9048 | bac8 ea2e | 5077 0200 | 0048 8382 | 6801 0000 

  0x00000277002a29e8: ;   {oop(a 'java/lang/invoke/MethodType'{0x0000000080002228} = (Ljava/lang/Object;[Ljava/lang/Object;)Ljava/lang/Object;)}
  0x00000277002a29e8: 0149 b828 | 2200 8000 | 0000 0048 

  0x00000277002a29f4: ;   {static_call}
  0x00000277002a29f4: 8bd7 90e8 

  0x00000277002a29f8: ; ImmutableOopMap {[168]=Oop [176]=Oop [184]=Oop [192]=Oop }
                      ;*invokestatic newWrongMethodTypeException {reexecute=0 rethrow=0 return_oop=0}
                      ; - java.lang.invoke.Invokers::checkExactType@12
                      ; - java.lang.invoke.Invokers$Holder::invokeExact_MT@10
                      ; - jdk.internal.reflect.DirectMethodHandleAccessor::invokeImpl@104
                      ; - jdk.internal.reflect.DirectMethodHandleAccessor::invoke@23
  0x00000277002a29f8: 84c3 2d07 

  0x00000277002a29fc: ;   {other}
  0x00000277002a29fc: 0f1f 8400 | 6c1d 000e 

  0x00000277002a2a04: ; implicit exception: dispatches to 0x00000277002a32e7
                      ; ImmutableOopMap {rax=Oop [168]=Oop [176]=Oop [184]=Oop [192]=Oop }
                      ;*athrow {reexecute=1 rethrow=0 return_oop=0}
                      ; - (reexecute) java.lang.invoke.Invokers::checkExactType@15
                      ; - java.lang.invoke.Invokers$Holder::invokeExact_MT@10
                      ; - jdk.internal.reflect.DirectMethodHandleAccessor::invokeImpl@104
                      ; - jdk.internal.reflect.DirectMethodHandleAccessor::invoke@23
                      ;   {section_word}
  0x00000277002a2a04: 483b 0048 | ba07 2a2a | 0077 0200 

  0x00000277002a2a10: ;   {runtime_call handle_exception_nofpu Runtime1 stub}
  0x00000277002a2a10: 00e8 eadd | 2f07 9049 | 8b87 0005 | 0000 4d33 | d24d 8997 | 0005 0000 | 4d33 d24d | 8997 0805 
  0x00000277002a2a30: 0000 488b | 9424 a800 

  0x00000277002a2a38: ;   {metadata(method data for {method} {0x000002770f19cf00} 'invoke' '(Ljava/lang/Object;[Ljava/lang/Object;)Ljava/lang/Object;' in 'jdk/internal/reflect/DirectMethodHandleAccessor')}
  0x00000277002a2a38: 0000 49b8 | 6000 3a50 | 7702 0000 | 4983 8060 | 0200 0001 

  0x00000277002a2a4c: ;   {metadata(method data for {method} {0x000002770f3c84c0} 'isIllegalArgument' '(Ljava/lang/RuntimeException;)Z' in 'jdk/internal/reflect/DirectMethodHandleAccessor')}
  0x00000277002a2a4c: 48ba a809 | 3a50 7702 | 0000 448b | 82cc 0000 | 0041 83c0 | 0244 8982 | cc00 0000 | 4181 e0fe 
  0x00000277002a2a6c: ff1f 0045 | 85c0 0f84 | 7408 0000 

  0x00000277002a2a78: ;   {oop(a 'java/lang/Class'{0x00000000800022c8} = 'jdk/internal/reflect/DirectMethodHandleAccessor')}
  0x00000277002a2a78: 48ba c822 | 0080 0000 | 0000 4c8b | c048 8984 | 24e8 0000 

  0x00000277002a2a8c: ;   {static_call}
  0x00000277002a2a8c: 0066 90e8 

  0x00000277002a2a90: ; ImmutableOopMap {[232]=Oop }
                      ;*invokestatic isIllegalArgument {reexecute=0 rethrow=0 return_oop=0}
                      ; - jdk.internal.reflect.DirectMethodHandleAccessor::isIllegalArgument@3
                      ; - jdk.internal.reflect.DirectMethodHandleAccessor::invoke@58
  0x00000277002a2a90: ecc2 2d07 

  0x00000277002a2a94: ;   {other}
  0x00000277002a2a94: 0f1f 8400 | 041e 0010 | 83e0 0185 

  0x00000277002a2aa0: ;   {metadata(method data for {method} {0x000002770f19cf00} 'invoke' '(Ljava/lang/Object;[Ljava/lang/Object;)Ljava/lang/Object;' in 'jdk/internal/reflect/DirectMethodHandleAccessor')}
  0x00000277002a2aa0: c048 b860 | 003a 5077 | 0200 0048 | c7c2 9802 | 0000 7407 | 48c7 c2a8 | 0200 004c | 8b04 104d 
  0x00000277002a2ac0: 8d40 014c | 8904 100f | 84ac 0200 | 00e9 ff01 | 0000 498b | 8700 0500 | 004d 33d2 | 4d89 9700 
  0x00000277002a2ae0: 0500 004d | 33d2 4d89 | 9708 0500 | 0048 8b94 | 24a8 0000 

  0x00000277002a2af4: ;   {metadata(method data for {method} {0x000002770f19cf00} 'invoke' '(Ljava/lang/Object;[Ljava/lang/Object;)Ljava/lang/Object;' in 'jdk/internal/reflect/DirectMethodHandleAccessor')}
  0x00000277002a2af4: 0049 b860 | 003a 5077 | 0200 0049 | 8380 e801 

  0x00000277002a2b04: ;   {metadata(method data for {method} {0x000002770f3c84c0} 'isIllegalArgument' '(Ljava/lang/RuntimeException;)Z' in 'jdk/internal/reflect/DirectMethodHandleAccessor')}
  0x00000277002a2b04: 0000 0148 | baa8 093a | 5077 0200 | 0044 8b82 | cc00 0000 | 4183 c002 | 4489 82cc | 0000 0041 
  0x00000277002a2b24: 81e0 feff | 1f00 4585 | c00f 84da 

  0x00000277002a2b30: ;   {oop(a 'java/lang/Class'{0x00000000800022c8} = 'jdk/internal/reflect/DirectMethodHandleAccessor')}
  0x00000277002a2b30: 0700 0048 | bac8 2200 | 8000 0000 | 004c 8bc0 | 4889 8424 | f000 0000 | 0f1f 8000 

  0x00000277002a2b4c: ;   {static_call}
  0x00000277002a2b4c: 0000 00e8 

  0x00000277002a2b50: ; ImmutableOopMap {[240]=Oop }
                      ;*invokestatic isIllegalArgument {reexecute=0 rethrow=0 return_oop=0}
                      ; - jdk.internal.reflect.DirectMethodHandleAccessor::isIllegalArgument@3
                      ; - jdk.internal.reflect.DirectMethodHandleAccessor::invoke@30
  0x00000277002a2b50: 2cc2 2d07 

  0x00000277002a2b54: ;   {other}
  0x00000277002a2b54: 0f1f 8400 | c41e 0011 | 83e0 0185 

  0x00000277002a2b60: ;   {metadata(method data for {method} {0x000002770f19cf00} 'invoke' '(Ljava/lang/Object;[Ljava/lang/Object;)Ljava/lang/Object;' in 'jdk/internal/reflect/DirectMethodHandleAccessor')}
  0x00000277002a2b60: c048 ba60 | 003a 5077 | 0200 0048 | c7c6 2002 | 0000 7407 | 48c7 c630 | 0200 0048 | 8b3c 3248 
  0x00000277002a2b80: 8d7f 0148 | 893c 320f | 84a4 0000 | 0066 6690 

  0x00000277002a2b90: ;   {no_reloc}
  0x00000277002a2b90: e9a8 0700 | 0000 0000 | 0000 498b | 87b8 0100 | 0048 8d78 | 2849 3bbf | c801 0000 | 0f87 9507 
  0x00000277002a2bb0: 0000 4989 | bfb8 0100 | 0048 c700 | 0100 0000 | 488b ca49 | ba00 0000 | 0f77 0200 | 0049 2bca 
  0x00000277002a2bd0: 8948 0848 | 33c9 8948 | 0c48 33c9 | 4889 4810 | 4889 4818 | 4889 4820 

  0x00000277002a2be8: ;   {metadata(method data for {method} {0x000002770f19cf00} 'invoke' '(Ljava/lang/Object;[Ljava/lang/Object;)Ljava/lang/Object;' in 'jdk/internal/reflect/DirectMethodHandleAccessor')}
  0x00000277002a2be8: 4c8b c048 | ba60 003a | 5077 0200 | 0048 8382 | 4002 0000 

  0x00000277002a2bfc: ;   {oop("argument type mismatch"{0x0000000080002350})}
  0x00000277002a2bfc: 0149 b850 | 2300 8000 | 0000 0048 | 8bd0 4889 | 8424 f800 | 0000 0f1f 

  0x00000277002a2c14: ;   {optimized virtual_call}
  0x00000277002a2c14: 4400 00e8 

  0x00000277002a2c18: ; ImmutableOopMap {[248]=Oop }
                      ;*invokespecial <init> {reexecute=0 rethrow=0 return_oop=0}
                      ; - jdk.internal.reflect.DirectMethodHandleAccessor::invoke@42
  0x00000277002a2c18: 64bb 2d07 

  0x00000277002a2c1c: ;   {other}
  0x00000277002a2c1c: 0f1f 8400 | 8c1f 0012 | 488b 8424 | f800 0000 | e9b3 0700 | 004c 8b84 | 24f0 0000 

  0x00000277002a2c38: ;   {metadata('java/lang/reflect/InvocationTargetException')}
  0x00000277002a2c38: 0048 ba28 | 4c04 1077 | 0200 0049 | 8b87 b801 | 0000 488d | 7828 493b | bfc8 0100 | 000f 87f9 
  0x00000277002a2c58: 0600 0049 | 89bf b801 | 0000 48c7 | 0001 0000 | 0048 8bca | 49ba 0000 | 000f 7702 | 0000 492b 
  0x00000277002a2c78: ca89 4808 | 4833 c989 | 480c 4833 | c948 8948 | 1048 8948 | 1848 8948 | 2048 8bd0 

  0x00000277002a2c94: ;   {metadata(method data for {method} {0x000002770f19cf00} 'invoke' '(Ljava/lang/Object;[Ljava/lang/Object;)Ljava/lang/Object;' in 'jdk/internal/reflect/DirectMethodHandleAccessor')}
  0x00000277002a2c94: 48be 6000 | 3a50 7702 | 0000 4883 | 8650 0200 | 0001 488b | d048 8984 | 2400 0100 | 0066 0f1f 
  0x00000277002a2cb4: ;   {optimized virtual_call}
  0x00000277002a2cb4: 4400 00e8 

  0x00000277002a2cb8: ; ImmutableOopMap {[256]=Oop }
                      ;*invokespecial <init> {reexecute=0 rethrow=0 return_oop=0}
                      ; - jdk.internal.reflect.DirectMethodHandleAccessor::invoke@51
  0x00000277002a2cb8: c4ba 2d07 

  0x00000277002a2cbc: ;   {other}
  0x00000277002a2cbc: 0f1f 8400 | 2c20 0013 | 488b 8424 | 0001 0000 | e913 0700 | 000f 1f80 | 0000 0000 

  0x00000277002a2cd8: ;   {no_reloc}
  0x00000277002a2cd8: e993 0600 | 0000 0000 | 0000 498b | 87b8 0100 | 0048 8d78 | 2849 3bbf | c801 0000 | 0f87 8006 
  0x00000277002a2cf8: 0000 4989 | bfb8 0100 | 0048 c700 | 0100 0000 | 488b ca49 | ba00 0000 | 0f77 0200 | 0049 2bca 
  0x00000277002a2d18: 8948 0848 | 33c9 8948 | 0c48 33c9 | 4889 4810 | 4889 4818 | 4889 4820 

  0x00000277002a2d30: ;   {metadata(method data for {method} {0x000002770f19cf00} 'invoke' '(Ljava/lang/Object;[Ljava/lang/Object;)Ljava/lang/Object;' in 'jdk/internal/reflect/DirectMethodHandleAccessor')}
  0x00000277002a2d30: 4c8b c048 | ba60 003a | 5077 0200 | 0048 8382 | b802 0000 | 014c 8b84 | 24e8 0000 | 0048 8bd0 
  0x00000277002a2d50: 4889 8424 | 0801 0000 | 0f1f 8000 

  0x00000277002a2d5c: ;   {optimized virtual_call}
  0x00000277002a2d5c: 0000 00e8 

  0x00000277002a2d60: ; ImmutableOopMap {[264]=Oop }
                      ;*invokespecial <init> {reexecute=0 rethrow=0 return_oop=0}
                      ; - jdk.internal.reflect.DirectMethodHandleAccessor::invoke@69
  0x00000277002a2d60: 1cba 2d07 

  0x00000277002a2d64: ;   {other}
  0x00000277002a2d64: 0f1f 8400 | d420 0014 | 488b 8424 | 0801 0000 | e96b 0600 | 004c 8b84 | 24e8 0000 

  0x00000277002a2d80: ;   {metadata('java/lang/reflect/InvocationTargetException')}
  0x00000277002a2d80: 0048 ba28 | 4c04 1077 | 0200 0049 | 8b87 b801 | 0000 488d | 7828 493b | bfc8 0100 | 000f 87e4 
  0x00000277002a2da0: 0500 0049 | 89bf b801 | 0000 48c7 | 0001 0000 | 0048 8bca | 49ba 0000 | 000f 7702 | 0000 492b 
  0x00000277002a2dc0: ca89 4808 | 4833 c989 | 480c 4833 | c948 8948 | 1048 8948 | 1848 8948 | 2048 8bd0 

  0x00000277002a2ddc: ;   {metadata(method data for {method} {0x000002770f19cf00} 'invoke' '(Ljava/lang/Object;[Ljava/lang/Object;)Ljava/lang/Object;' in 'jdk/internal/reflect/DirectMethodHandleAccessor')}
  0x00000277002a2ddc: 48be 6000 | 3a50 7702 | 0000 4883 | 86c8 0200 | 0001 488b | d048 8984 | 2410 0100 | 0066 0f1f 
  0x00000277002a2dfc: ;   {optimized virtual_call}
  0x00000277002a2dfc: 4400 00e8 

  0x00000277002a2e00: ; ImmutableOopMap {[272]=Oop }
                      ;*invokespecial <init> {reexecute=0 rethrow=0 return_oop=0}
                      ; - jdk.internal.reflect.DirectMethodHandleAccessor::invoke@78
  0x00000277002a2e00: 7cb9 2d07 

  0x00000277002a2e04: ;   {other}
  0x00000277002a2e04: 0f1f 8400 | 7421 0015 | 488b 8424 | 1001 0000 | e9cb 0500 | 000f 1f80 | 0000 0000 

  0x00000277002a2e20: ;   {no_reloc}
  0x00000277002a2e20: e97e 0500 | 0000 0000 | 0000 498b | 87b8 0100 | 0048 8d78 | 2849 3bbf | c801 0000 | 0f87 6b05 
  0x00000277002a2e40: 0000 4989 | bfb8 0100 | 0048 c700 | 0100 0000 | 488b ca49 | ba00 0000 | 0f77 0200 | 0049 2bca 
  0x00000277002a2e60: 8948 0848 | 33c9 8948 | 0c48 33c9 | 4889 4810 | 4889 4818 | 4889 4820 

  0x00000277002a2e78: ;   {metadata(method data for {method} {0x000002770f3c86d0} 'checkReceiver' '(Ljava/lang/Object;)V' in 'jdk/internal/reflect/DirectMethodHandleAccessor')}
  0x00000277002a2e78: 488b d048 | be98 033a | 5077 0200 | 0048 8386 | a001 0000 

  0x00000277002a2e8c: ;   {oop("object is not an instance of declaring class"{0x0000000080002368})}
  0x00000277002a2e8c: 0149 b868 | 2300 8000 | 0000 0048 | 8bd0 4889 | 8424 1801 | 0000 0f1f 

  0x00000277002a2ea4: ;   {optimized virtual_call}
  0x00000277002a2ea4: 4400 00e8 

  0x00000277002a2ea8: ; ImmutableOopMap {[168]=Oop [176]=Oop [184]=Oop [280]=Oop }
                      ;*invokespecial <init> {reexecute=0 rethrow=0 return_oop=0}
                      ; - jdk.internal.reflect.DirectMethodHandleAccessor::checkReceiver@20
                      ; - jdk.internal.reflect.DirectMethodHandleAccessor::invoke@9
  0x00000277002a2ea8: d4b8 2d07 

  0x00000277002a2eac: ;   {other}
  0x00000277002a2eac: 0f1f 8400 | 1c22 0016 | 488b 8424 | 1801 0000 | e923 0500 | 0049 8b87 | 0005 0000 | 4d33 d24d 
  0x00000277002a2ecc: 8997 0005 | 0000 4d33 | d24d 8997 | 0805 0000 

  0x00000277002a2edc: ;   {metadata('java/lang/reflect/InvocationTargetException')}
  0x00000277002a2edc: 4c8b c048 | ba28 4c04 | 1077 0200 | 0049 8b87 | b801 0000 | 488d 7828 | 493b bfc8 | 0100 000f 
  0x00000277002a2efc: 87b9 0400 | 0049 89bf | b801 0000 | 48c7 0001 | 0000 0048 | 8bca 49ba | 0000 000f | 7702 0000 
  0x00000277002a2f1c: 492b ca89 | 4808 4833 | c989 480c | 4833 c948 | 8948 1048 | 8948 1848 | 8948 2048 

  0x00000277002a2f38: ;   {metadata(method data for {method} {0x000002770f19cf00} 'invoke' '(Ljava/lang/Object;[Ljava/lang/Object;)Ljava/lang/Object;' in 'jdk/internal/reflect/DirectMethodHandleAccessor')}
  0x00000277002a2f38: 8bd0 48be | 6000 3a50 | 7702 0000 | 4883 86d8 | 0200 0001 | 488b d048 | 8984 2420 

  0x00000277002a2f54: ;   {optimized virtual_call}
  0x00000277002a2f54: 0100 00e8 

  0x00000277002a2f58: ; ImmutableOopMap {[288]=Oop }
                      ;*invokespecial <init> {reexecute=0 rethrow=0 return_oop=0}
                      ; - jdk.internal.reflect.DirectMethodHandleAccessor::invoke@88
  0x00000277002a2f58: 24b8 2d07 

  0x00000277002a2f5c: ;   {other}
  0x00000277002a2f5c: 0f1f 8400 | cc22 0017 | 488b 8424 | 2001 0000 | e973 0400 

  0x00000277002a2f70: ;   {metadata({method} {0x000002770f19cf00} 'invoke' '(Ljava/lang/Object;[Ljava/lang/Object;)Ljava/lang/Object;' in 'jdk/internal/reflect/DirectMethodHandleAccessor')}
  0x00000277002a2f70: 0049 baf8 | ce19 0f77 | 0200 004c | 8954 2408 | 48c7 0424 | ffff ffff 

  0x00000277002a2f88: ;   {runtime_call counter_overflow Runtime1 stub}
  0x00000277002a2f88: e8f3 2c39 

  0x00000277002a2f8c: ; ImmutableOopMap {rdx=Oop r8=Oop r9=Oop [168]=Oop [176]=Oop [184]=Oop }
                      ;*synchronization entry
                      ; - jdk.internal.reflect.DirectMethodHandleAccessor::invoke@-1
  0x00000277002a2f8c: 07e9 ece1 

  0x00000277002a2f90: ;   {metadata({method} {0x000002770f3c8780} 'isStatic' '()Z' in 'jdk/internal/reflect/DirectMethodHandleAccessor')}
  0x00000277002a2f90: ffff 49ba | 7887 3c0f | 7702 0000 | 4c89 5424 | 0848 c704 | 24ff ffff 

  0x00000277002a2fa8: ;   {runtime_call counter_overflow Runtime1 stub}
  0x00000277002a2fa8: ffe8 d22c 

  0x00000277002a2fac: ; ImmutableOopMap {rdx=Oop r8=Oop r9=Oop [168]=Oop [176]=Oop [184]=Oop }
                      ;*synchronization entry
                      ; - jdk.internal.reflect.DirectMethodHandleAccessor::isStatic@-1
                      ; - jdk.internal.reflect.DirectMethodHandleAccessor::invoke@1
  0x00000277002a2fac: 3907 e907 

  0x00000277002a2fb0: ;   {metadata({method} {0x000002770f3c86d0} 'checkReceiver' '(Ljava/lang/Object;)V' in 'jdk/internal/reflect/DirectMethodHandleAccessor')}
  0x00000277002a2fb0: e2ff ff49 | bac8 863c | 0f77 0200 | 004c 8954 | 2408 48c7 | 0424 ffff 

  0x00000277002a2fc8: ;   {runtime_call counter_overflow Runtime1 stub}
  0x00000277002a2fc8: ffff e8b1 

  0x00000277002a2fcc: ; ImmutableOopMap {rdx=Oop r8=Oop [168]=Oop [176]=Oop [184]=Oop }
                      ;*synchronization entry
                      ; - jdk.internal.reflect.DirectMethodHandleAccessor::checkReceiver@-1
                      ; - jdk.internal.reflect.DirectMethodHandleAccessor::invoke@9
  0x00000277002a2fcc: 2c39 07e9 | ade2 ffff 

  0x00000277002a2fd4: ;   {runtime_call throw_null_pointer_exception Runtime1 stub}
  0x00000277002a2fd4: e827 f02f 

  0x00000277002a2fd8: ; ImmutableOopMap {rdx=Oop r8=Oop rsi=Oop [168]=Oop [176]=Oop [184]=Oop }
                      ;*invokevirtual getClass {reexecute=0 rethrow=0 return_oop=0}
                      ; - jdk.internal.reflect.DirectMethodHandleAccessor::checkReceiver@5
                      ; - jdk.internal.reflect.DirectMethodHandleAccessor::invoke@9
                      ;   {runtime_call throw_null_pointer_exception Runtime1 stub}
  0x00000277002a2fd8: 07e8 22f0 

  0x00000277002a2fdc: ; ImmutableOopMap {rdx=Oop r8=Oop rsi=Oop rdi=Oop [168]=Oop [176]=Oop [184]=Oop }
                      ;*invokevirtual isAssignableFrom {reexecute=0 rethrow=0 return_oop=0}
                      ; - jdk.internal.reflect.DirectMethodHandleAccessor::checkReceiver@8
                      ; - jdk.internal.reflect.DirectMethodHandleAccessor::invoke@9
                      ;   {metadata({method} {0x000002770f3c8518} 'invokeImpl' '(Ljava/lang/Object;[Ljava/lang/Object;)Ljava/lang/Object;' in 'jdk/internal/reflect/DirectMethodHandleAccessor')}
  0x00000277002a2fdc: 2f07 49ba | 1085 3c0f | 7702 0000 | 4c89 5424 | 0848 c704 | 24ff ffff 

  0x00000277002a2ff4: ;   {runtime_call counter_overflow Runtime1 stub}
  0x00000277002a2ff4: ffe8 862c 

  0x00000277002a2ff8: ; ImmutableOopMap {rdx=Oop [168]=Oop [176]=Oop [184]=Oop }
                      ;*synchronization entry
                      ; - jdk.internal.reflect.DirectMethodHandleAccessor::invokeImpl@-1
                      ; - jdk.internal.reflect.DirectMethodHandleAccessor::invoke@23
  0x00000277002a2ff8: 3907 e991 

  0x00000277002a2ffc: ;   {metadata({method} {0x000002770f0ae518} 'invokeExact_MT' '(Ljava/lang/Object;Ljava/lang/Object;Ljava/lang/Object;Ljava/lang/Object;)Ljava/lang/Object;' in 'java/lang/invoke/Invokers$Holder')}
  0x00000277002a2ffc: e3ff ff49 | ba10 e50a | 0f77 0200 | 004c 8954 | 2408 48c7 | 0424 ffff 

  0x00000277002a3014: ;   {runtime_call counter_overflow Runtime1 stub}
  0x00000277002a3014: ffff e865 

  0x00000277002a3018: ; ImmutableOopMap {rdx=Oop r8=Oop rsi=Oop [168]=Oop [176]=Oop [184]=Oop [192]=Oop }
                      ;*synchronization entry
                      ; - java.lang.invoke.Invokers$Holder::invokeExact_MT@-1
                      ; - jdk.internal.reflect.DirectMethodHandleAccessor::invokeImpl@104
                      ; - jdk.internal.reflect.DirectMethodHandleAccessor::invoke@23
  0x00000277002a3018: 2c39 07e9 | 7ce5 ffff 

  0x00000277002a3020: ;   {metadata({method} {0x000002770f3dc408} 'checkExactType' '(Ljava/lang/invoke/MethodHandle;Ljava/lang/invoke/MethodType;)V' in 'java/lang/invoke/Invokers')}
  0x00000277002a3020: 49ba 00c4 | 3d0f 7702 | 0000 4c89 | 5424 0848 | c704 24ff 

  0x00000277002a3034: ;   {runtime_call counter_overflow Runtime1 stub}
  0x00000277002a3034: ffff ffe8 

  0x00000277002a3038: ; ImmutableOopMap {rdx=Oop r8=Oop rsi=Oop rbx=Oop [168]=Oop [176]=Oop [184]=Oop [192]=Oop }
                      ;*synchronization entry
                      ; - java.lang.invoke.Invokers::checkExactType@-1
                      ; - java.lang.invoke.Invokers$Holder::invokeExact_MT@10
                      ; - jdk.internal.reflect.DirectMethodHandleAccessor::invokeImpl@104
                      ; - jdk.internal.reflect.DirectMethodHandleAccessor::invoke@23
  0x00000277002a3038: 442c 3907 | e91c e6ff 

  0x00000277002a3040: ;   {runtime_call throw_null_pointer_exception Runtime1 stub}
  0x00000277002a3040: ffe8 baef 

  0x00000277002a3044: ; ImmutableOopMap {rdx=Oop r8=Oop rsi=Oop rbx=Oop [168]=Oop [176]=Oop [184]=Oop [192]=Oop }
                      ;*invokevirtual type {reexecute=0 rethrow=0 return_oop=0}
                      ; - java.lang.invoke.Invokers::checkExactType@1
                      ; - java.lang.invoke.Invokers$Holder::invokeExact_MT@10
                      ; - jdk.internal.reflect.DirectMethodHandleAccessor::invokeImpl@104
                      ; - jdk.internal.reflect.DirectMethodHandleAccessor::invoke@23
                      ;   {metadata({method} {0x000002770f3dc300} 'checkCustomized' '(Ljava/lang/invoke/MethodHandle;)V' in 'java/lang/invoke/Invokers')}
  0x00000277002a3044: 2f07 49ba | f8c2 3d0f | 7702 0000 | 4c89 5424 | 0848 c704 | 24ff ffff 

  0x00000277002a305c: ;   {runtime_call counter_overflow Runtime1 stub}
  0x00000277002a305c: ffe8 1e2c 

  0x00000277002a3060: ; ImmutableOopMap {rdx=Oop r8=Oop rsi=Oop [168]=Oop [176]=Oop [184]=Oop [192]=Oop }
                      ;*synchronization entry
                      ; - java.lang.invoke.Invokers::checkCustomized@-1
                      ; - java.lang.invoke.Invokers$Holder::invokeExact_MT@14
                      ; - jdk.internal.reflect.DirectMethodHandleAccessor::invokeImpl@104
                      ; - jdk.internal.reflect.DirectMethodHandleAccessor::invoke@23
  0x00000277002a3060: 3907 e952 

  0x00000277002a3064: ;   {metadata({method} {0x000002770f0944d8} 'isCompileConstant' '(Ljava/lang/Object;)Z' in 'java/lang/invoke/MethodHandleImpl')}
  0x00000277002a3064: e7ff ff49 | bad0 4409 | 0f77 0200 | 004c 8954 | 2408 48c7 | 0424 ffff 

  0x00000277002a307c: ;   {runtime_call counter_overflow Runtime1 stub}
  0x00000277002a307c: ffff e8fd 

  0x00000277002a3080: ; ImmutableOopMap {rdx=Oop r8=Oop rsi=Oop [168]=Oop [176]=Oop [184]=Oop [192]=Oop }
                      ;*synchronization entry
                      ; - java.lang.invoke.MethodHandleImpl::isCompileConstant@-1
                      ; - java.lang.invoke.Invokers::checkCustomized@1
                      ; - java.lang.invoke.Invokers$Holder::invokeExact_MT@14
                      ; - jdk.internal.reflect.DirectMethodHandleAccessor::invokeImpl@104
                      ; - jdk.internal.reflect.DirectMethodHandleAccessor::invoke@23
  0x00000277002a3080: 2b39 07e9 | 6ae7 ffff 

  0x00000277002a3088: ;   {runtime_call throw_null_pointer_exception Runtime1 stub}
  0x00000277002a3088: e873 ef2f 

  0x00000277002a308c: ; ImmutableOopMap {rdx=Oop r8=Oop rsi=Oop [168]=Oop [176]=Oop [184]=Oop [192]=Oop }
                      ;*getfield customized {reexecute=1 rethrow=0 return_oop=0}
                      ; - (reexecute) java.lang.invoke.Invokers::checkCustomized@12
                      ; - java.lang.invoke.Invokers$Holder::invokeExact_MT@14
                      ; - jdk.internal.reflect.DirectMethodHandleAccessor::invokeImpl@104
                      ; - jdk.internal.reflect.DirectMethodHandleAccessor::invoke@23
                      ;   {internal_word}
  0x00000277002a308c: 0749 ba48 | 1a2a 0077 | 0200 004d | 8997 6804 

  0x00000277002a309c: ;   {runtime_call SafepointBlob}
  0x00000277002a309c: 0000 e95d 

  0x00000277002a30a0: ;   {runtime_call throw_null_pointer_exception Runtime1 stub}
  0x00000277002a30a0: 1a2e 07e8 

  0x00000277002a30a4: ; ImmutableOopMap {rdx=Oop r8=Oop r9=Oop rbx=Oop [168]=Oop [176]=Oop [184]=Oop }
                      ;*aaload {reexecute=0 rethrow=0 return_oop=0}
                      ; - jdk.internal.reflect.DirectMethodHandleAccessor::invokeImpl@85
                      ; - jdk.internal.reflect.DirectMethodHandleAccessor::invoke@23
  0x00000277002a30a4: 58ef 2f07 

  0x00000277002a30a8: ;   {runtime_call throw_null_pointer_exception Runtime1 stub}
  0x00000277002a30a8: e853 ef2f 

  0x00000277002a30ac: ; ImmutableOopMap {rdx=Oop r8=Oop r9=Oop rbx=Oop [168]=Oop [176]=Oop [184]=Oop }
                      ;*aaload {reexecute=0 rethrow=0 return_oop=0}
                      ; - jdk.internal.reflect.DirectMethodHandleAccessor::invokeImpl@85
                      ; - jdk.internal.reflect.DirectMethodHandleAccessor::invoke@23
  0x00000277002a30ac: 0748 c704 | 2400 0000 | 004c 894c 

  0x00000277002a30b8: ;   {runtime_call throw_range_check_failed Runtime1 stub}
  0x00000277002a30b8: 2408 e841 

  0x00000277002a30bc: ; ImmutableOopMap {rdx=Oop r8=Oop r9=Oop rbx=Oop [168]=Oop [176]=Oop [184]=Oop }
                      ;*aaload {reexecute=0 rethrow=0 return_oop=0}
                      ; - jdk.internal.reflect.DirectMethodHandleAccessor::invokeImpl@85
                      ; - jdk.internal.reflect.DirectMethodHandleAccessor::invoke@23
  0x00000277002a30bc: f82f 0748 | c704 2401 | 0000 004c | 894c 2408 

  0x00000277002a30cc: ;   {runtime_call throw_range_check_failed Runtime1 stub}
  0x00000277002a30cc: e82f f82f 

  0x00000277002a30d0: ; ImmutableOopMap {rdx=Oop r8=Oop r9=Oop rbx=Oop rdi=Oop [168]=Oop [176]=Oop [184]=Oop }
                      ;*aaload {reexecute=0 rethrow=0 return_oop=0}
                      ; - jdk.internal.reflect.DirectMethodHandleAccessor::invokeImpl@88
                      ; - jdk.internal.reflect.DirectMethodHandleAccessor::invoke@23
  0x00000277002a30d0: 0748 c704 | 2402 0000 | 004c 894c 

  0x00000277002a30dc: ;   {runtime_call throw_range_check_failed Runtime1 stub}
  0x00000277002a30dc: 2408 e81d 

  0x00000277002a30e0: ; ImmutableOopMap {rdx=Oop r8=Oop r9=Oop rbx=Oop rdi=Oop rsi=Oop [168]=Oop [176]=Oop [184]=Oop }
                      ;*aaload {reexecute=0 rethrow=0 return_oop=0}
                      ; - jdk.internal.reflect.DirectMethodHandleAccessor::invokeImpl@91
                      ; - jdk.internal.reflect.DirectMethodHandleAccessor::invoke@23
  0x00000277002a30e0: f82f 0748 | b8f0 762d | d700 0000 | 00b8 000f 

  0x00000277002a30f0: ;   {runtime_call load_appendix_patching Runtime1 stub}
  0x00000277002a30f0: 050a e809 

  0x00000277002a30f4: ; ImmutableOopMap {rdx=Oop r8=Oop rbx=Oop rdi=Oop rsi=Oop rcx=Oop [168]=Oop [184]=Oop }
                      ;*invokevirtual invokeExact {reexecute=1 rethrow=0 return_oop=0}
                      ; - (reexecute) jdk.internal.reflect.DirectMethodHandleAccessor::invokeImpl@92
                      ; - jdk.internal.reflect.DirectMethodHandleAccessor::invoke@23
  0x00000277002a30f4: 2439 07e9 | 9ce9 ffff 

  0x00000277002a30fc: ;   {runtime_call throw_null_pointer_exception Runtime1 stub}
  0x00000277002a30fc: e8ff ee2f 

  0x00000277002a3100: ; ImmutableOopMap {rdx=Oop r8=Oop rbx=Oop rdi=Oop rsi=Oop rcx=Oop rax=Oop [168]=Oop [184]=Oop }
                      ;*invokevirtual invokeExact {reexecute=0 rethrow=0 return_oop=0}
                      ; - jdk.internal.reflect.DirectMethodHandleAccessor::invokeImpl@92
                      ; - jdk.internal.reflect.DirectMethodHandleAccessor::invoke@23
                      ;   {internal_word}
  0x00000277002a3100: 0749 baac | 1c2a 0077 | 0200 004d | 8997 6804 

  0x00000277002a3110: ;   {runtime_call SafepointBlob}
  0x00000277002a3110: 0000 e9e9 

  0x00000277002a3114: ;   {runtime_call throw_null_pointer_exception Runtime1 stub}
  0x00000277002a3114: 192e 07e8 

  0x00000277002a3118: ; ImmutableOopMap {rdx=Oop r9=Oop r8=Oop rsi=Oop [168]=Oop [176]=Oop [184]=Oop [208]=Oop }
                      ;*aaload {reexecute=0 rethrow=0 return_oop=0}
                      ; - jdk.internal.reflect.DirectMethodHandleAccessor::invokeImpl@68
                      ; - jdk.internal.reflect.DirectMethodHandleAccessor::invoke@23
  0x00000277002a3118: e4ee 2f07 

  0x00000277002a311c: ;   {runtime_call throw_null_pointer_exception Runtime1 stub}
  0x00000277002a311c: e8df ee2f 

  0x00000277002a3120: ; ImmutableOopMap {rdx=Oop r9=Oop r8=Oop rsi=Oop [168]=Oop [176]=Oop [184]=Oop [208]=Oop }
                      ;*aaload {reexecute=0 rethrow=0 return_oop=0}
                      ; - jdk.internal.reflect.DirectMethodHandleAccessor::invokeImpl@68
                      ; - jdk.internal.reflect.DirectMethodHandleAccessor::invoke@23
  0x00000277002a3120: 0748 c704 | 2400 0000 | 004c 894c 

  0x00000277002a312c: ;   {runtime_call throw_range_check_failed Runtime1 stub}
  0x00000277002a312c: 2408 e8cd 

  0x00000277002a3130: ; ImmutableOopMap {rdx=Oop r9=Oop r8=Oop rsi=Oop [168]=Oop [176]=Oop [184]=Oop [208]=Oop }
                      ;*aaload {reexecute=0 rethrow=0 return_oop=0}
                      ; - jdk.internal.reflect.DirectMethodHandleAccessor::invokeImpl@68
                      ; - jdk.internal.reflect.DirectMethodHandleAccessor::invoke@23
  0x00000277002a3130: f72f 0748 | c704 2401 | 0000 004c | 894c 2408 

  0x00000277002a3140: ;   {runtime_call throw_range_check_failed Runtime1 stub}
  0x00000277002a3140: e8bb f72f 

  0x00000277002a3144: ; ImmutableOopMap {rdx=Oop r9=Oop r8=Oop rsi=Oop rdi=Oop [168]=Oop [176]=Oop [184]=Oop [200]=Oop [208]=Oop }
                      ;*aaload {reexecute=0 rethrow=0 return_oop=0}
                      ; - jdk.internal.reflect.DirectMethodHandleAccessor::invokeImpl@71
                      ; - jdk.internal.reflect.DirectMethodHandleAccessor::invoke@23
                      ;   {metadata({method} {0x0000027750405ab8} 'invokeExact_MT' '(Ljava/lang/Object;Ljava/lang/Object;Ljava/lang/Object;Ljava/lang/Object;Ljava/lang/Object;)Ljava/lang/Object;' in 'java/lang/invoke/LambdaForm$MH+0x0000027710002c00')}
  0x00000277002a3144: 0749 bab0 | 5a40 5077 | 0200 004c | 8954 2408 | 48c7 0424 | ffff ffff 

  0x00000277002a315c: ;   {runtime_call counter_overflow Runtime1 stub}
  0x00000277002a315c: e81f 2b39 

  0x00000277002a3160: ; ImmutableOopMap {rdx=Oop r8=Oop rsi=Oop rdi=Oop rbx=Oop [168]=Oop [184]=Oop [200]=Oop [208]=Oop [216]=Oop }
                      ;*synchronization entry
                      ; - java.lang.invoke.LambdaForm$MH/0x0000027710002c00::invokeExact_MT@-1
                      ; - jdk.internal.reflect.DirectMethodHandleAccessor::invokeImpl@72
                      ; - jdk.internal.reflect.DirectMethodHandleAccessor::invoke@23
  0x00000277002a3160: 07e9 0aed 

  0x00000277002a3164: ;   {metadata({method} {0x000002770f3dc408} 'checkExactType' '(Ljava/lang/invoke/MethodHandle;Ljava/lang/invoke/MethodType;)V' in 'java/lang/invoke/Invokers')}
  0x00000277002a3164: ffff 49ba | 00c4 3d0f | 7702 0000 | 4c89 5424 | 0848 c704 | 24ff ffff 

  0x00000277002a317c: ;   {runtime_call counter_overflow Runtime1 stub}
  0x00000277002a317c: ffe8 fe2a 

  0x00000277002a3180: ; ImmutableOopMap {rdx=Oop r8=Oop rsi=Oop rdi=Oop rbx=Oop rcx=Oop [168]=Oop [184]=Oop [200]=Oop [208]=Oop [216]=Oop }
                      ;*synchronization entry
                      ; - java.lang.invoke.Invokers::checkExactType@-1
                      ; - java.lang.invoke.LambdaForm$MH/0x0000027710002c00::invokeExact_MT@11
                      ; - jdk.internal.reflect.DirectMethodHandleAccessor::invokeImpl@72
                      ; - jdk.internal.reflect.DirectMethodHandleAccessor::invoke@23
  0x00000277002a3180: 3907 e9b0 

  0x00000277002a3184: ;   {runtime_call throw_null_pointer_exception Runtime1 stub}
  0x00000277002a3184: edff ffe8 

  0x00000277002a3188: ; ImmutableOopMap {rdx=Oop r8=Oop rsi=Oop rdi=Oop rbx=Oop rcx=Oop [168]=Oop [184]=Oop [200]=Oop [208]=Oop [216]=Oop }
                      ;*invokevirtual type {reexecute=0 rethrow=0 return_oop=0}
                      ; - java.lang.invoke.Invokers::checkExactType@1
                      ; - java.lang.invoke.LambdaForm$MH/0x0000027710002c00::invokeExact_MT@11
                      ; - jdk.internal.reflect.DirectMethodHandleAccessor::invokeImpl@72
                      ; - jdk.internal.reflect.DirectMethodHandleAccessor::invoke@23
  0x00000277002a3188: 74ee 2f07 

  0x00000277002a318c: ;   {metadata({method} {0x000002770f3dc300} 'checkCustomized' '(Ljava/lang/invoke/MethodHandle;)V' in 'java/lang/invoke/Invokers')}
  0x00000277002a318c: 49ba f8c2 | 3d0f 7702 | 0000 4c89 | 5424 0848 | c704 24ff 

  0x00000277002a31a0: ;   {runtime_call counter_overflow Runtime1 stub}
  0x00000277002a31a0: ffff ffe8 

  0x00000277002a31a4: ; ImmutableOopMap {rdx=Oop r8=Oop rsi=Oop rdi=Oop rbx=Oop [168]=Oop [184]=Oop [200]=Oop [208]=Oop [216]=Oop }
                      ;*synchronization entry
                      ; - java.lang.invoke.Invokers::checkCustomized@-1
                      ; - java.lang.invoke.LambdaForm$MH/0x0000027710002c00::invokeExact_MT@15
                      ; - jdk.internal.reflect.DirectMethodHandleAccessor::invokeImpl@72
                      ; - jdk.internal.reflect.DirectMethodHandleAccessor::invoke@23
  0x00000277002a31a4: d82a 3907 | e9e6 eeff 

  0x00000277002a31ac: ;   {metadata({method} {0x000002770f0944d8} 'isCompileConstant' '(Ljava/lang/Object;)Z' in 'java/lang/invoke/MethodHandleImpl')}
  0x00000277002a31ac: ff49 bad0 | 4409 0f77 | 0200 004c | 8954 2408 | 48c7 0424 | ffff ffff 

  0x00000277002a31c4: ;   {runtime_call counter_overflow Runtime1 stub}
  0x00000277002a31c4: e8b7 2a39 

  0x00000277002a31c8: ; ImmutableOopMap {rdx=Oop r8=Oop rsi=Oop rdi=Oop rbx=Oop [168]=Oop [184]=Oop [200]=Oop [208]=Oop [216]=Oop }
                      ;*synchronization entry
                      ; - java.lang.invoke.MethodHandleImpl::isCompileConstant@-1
                      ; - java.lang.invoke.Invokers::checkCustomized@1
                      ; - java.lang.invoke.LambdaForm$MH/0x0000027710002c00::invokeExact_MT@15
                      ; - jdk.internal.reflect.DirectMethodHandleAccessor::invokeImpl@72
                      ; - jdk.internal.reflect.DirectMethodHandleAccessor::invoke@23
  0x00000277002a31c8: 07e9 feee 

  0x00000277002a31cc: ;   {runtime_call throw_null_pointer_exception Runtime1 stub}
  0x00000277002a31cc: ffff e82d 

  0x00000277002a31d0: ; ImmutableOopMap {rdx=Oop r8=Oop rsi=Oop rdi=Oop rbx=Oop [168]=Oop [184]=Oop [200]=Oop [208]=Oop [216]=Oop }
                      ;*getfield customized {reexecute=1 rethrow=0 return_oop=0}
                      ; - (reexecute) java.lang.invoke.Invokers::checkCustomized@12
                      ; - java.lang.invoke.LambdaForm$MH/0x0000027710002c00::invokeExact_MT@15
                      ; - jdk.internal.reflect.DirectMethodHandleAccessor::invokeImpl@72
                      ; - jdk.internal.reflect.DirectMethodHandleAccessor::invoke@23
                      ;   {internal_word}
  0x00000277002a31d0: ee2f 0749 | ba39 232a | 0077 0200 | 004d 8997 | 6804 0000 

  0x00000277002a31e4: ;   {runtime_call SafepointBlob}
  0x00000277002a31e4: e917 192e 

  0x00000277002a31e8: ;   {runtime_call throw_null_pointer_exception Runtime1 stub}
  0x00000277002a31e8: 07e8 12ee 

  0x00000277002a31ec: ; ImmutableOopMap {rdx=Oop r9=Oop r8=Oop rsi=Oop [168]=Oop [176]=Oop [184]=Oop }
                      ;*aaload {reexecute=0 rethrow=0 return_oop=0}
                      ; - jdk.internal.reflect.DirectMethodHandleAccessor::invokeImpl@54
                      ; - jdk.internal.reflect.DirectMethodHandleAccessor::invoke@23
                      ;   {runtime_call throw_null_pointer_exception Runtime1 stub}
  0x00000277002a31ec: 2f07 e80d 

  0x00000277002a31f0: ; ImmutableOopMap {rdx=Oop r9=Oop r8=Oop rsi=Oop [168]=Oop [176]=Oop [184]=Oop }
                      ;*aaload {reexecute=0 rethrow=0 return_oop=0}
                      ; - jdk.internal.reflect.DirectMethodHandleAccessor::invokeImpl@54
                      ; - jdk.internal.reflect.DirectMethodHandleAccessor::invoke@23
  0x00000277002a31f0: ee2f 0748 | c704 2400 | 0000 004c | 894c 2408 

  0x00000277002a3200: ;   {runtime_call throw_range_check_failed Runtime1 stub}
  0x00000277002a3200: e8fb f62f 

  0x00000277002a3204: ; ImmutableOopMap {rdx=Oop r9=Oop r8=Oop rsi=Oop [168]=Oop [176]=Oop [184]=Oop }
                      ;*aaload {reexecute=0 rethrow=0 return_oop=0}
                      ; - jdk.internal.reflect.DirectMethodHandleAccessor::invokeImpl@54
                      ; - jdk.internal.reflect.DirectMethodHandleAccessor::invoke@23
  0x00000277002a3204: 0748 bfa0 | edec d600 | 0000 00b8 | 000f 050a 

  0x00000277002a3214: ;   {runtime_call load_appendix_patching Runtime1 stub}
  0x00000277002a3214: e8e7 2239 

  0x00000277002a3218: ; ImmutableOopMap {rdx=Oop r8=Oop rsi=Oop r9=Oop [168]=Oop [184]=Oop }
                      ;*invokevirtual invokeExact {reexecute=1 rethrow=0 return_oop=0}
                      ; - (reexecute) jdk.internal.reflect.DirectMethodHandleAccessor::invokeImpl@55
                      ; - jdk.internal.reflect.DirectMethodHandleAccessor::invoke@23
  0x00000277002a3218: 07e9 52f1 

  0x00000277002a321c: ;   {runtime_call throw_null_pointer_exception Runtime1 stub}
  0x00000277002a321c: ffff e8dd 

  0x00000277002a3220: ; ImmutableOopMap {rdx=Oop r8=Oop rsi=Oop r9=Oop rdi=Oop [168]=Oop [184]=Oop }
                      ;*invokevirtual invokeExact {reexecute=0 rethrow=0 return_oop=0}
                      ; - jdk.internal.reflect.DirectMethodHandleAccessor::invokeImpl@55
                      ; - jdk.internal.reflect.DirectMethodHandleAccessor::invoke@23
                      ;   {internal_word}
  0x00000277002a3220: ed2f 0749 | ba6c 252a | 0077 0200 | 004d 8997 | 6804 0000 

  0x00000277002a3234: ;   {runtime_call SafepointBlob}
  0x00000277002a3234: e9c7 182e 

  0x00000277002a3238: ;   {metadata({method} {0x000002770f0ae5c8} 'invokeExact_MT' '(Ljava/lang/Object;Ljava/lang/Object;Ljava/lang/Object;)Ljava/lang/Object;' in 'java/lang/invoke/Invokers$Holder')}
  0x00000277002a3238: 0749 bac0 | e50a 0f77 | 0200 004c | 8954 2408 | 48c7 0424 | ffff ffff 

  0x00000277002a3250: ;   {runtime_call counter_overflow Runtime1 stub}
  0x00000277002a3250: e82b 2a39 

  0x00000277002a3254: ; ImmutableOopMap {rdx=Oop r8=Oop rsi=Oop [168]=Oop [184]=Oop [224]=Oop }
                      ;*synchronization entry
                      ; - java.lang.invoke.Invokers$Holder::invokeExact_MT@-1
                      ; - jdk.internal.reflect.DirectMethodHandleAccessor::invokeImpl@41
                      ; - jdk.internal.reflect.DirectMethodHandleAccessor::invoke@23
  0x00000277002a3254: 07e9 fbf3 

  0x00000277002a3258: ;   {metadata({method} {0x000002770f3dc408} 'checkExactType' '(Ljava/lang/invoke/MethodHandle;Ljava/lang/invoke/MethodType;)V' in 'java/lang/invoke/Invokers')}
  0x00000277002a3258: ffff 49ba | 00c4 3d0f | 7702 0000 | 4c89 5424 | 0848 c704 | 24ff ffff 

  0x00000277002a3270: ;   {runtime_call counter_overflow Runtime1 stub}
  0x00000277002a3270: ffe8 0a2a 

  0x00000277002a3274: ; ImmutableOopMap {rdx=Oop r8=Oop rsi=Oop rbx=Oop [168]=Oop [184]=Oop [224]=Oop }
                      ;*synchronization entry
                      ; - java.lang.invoke.Invokers::checkExactType@-1
                      ; - java.lang.invoke.Invokers$Holder::invokeExact_MT@10
                      ; - jdk.internal.reflect.DirectMethodHandleAccessor::invokeImpl@41
                      ; - jdk.internal.reflect.DirectMethodHandleAccessor::invoke@23
  0x00000277002a3274: 3907 e94f 

  0x00000277002a3278: ;   {runtime_call throw_null_pointer_exception Runtime1 stub}
  0x00000277002a3278: f4ff ffe8 

  0x00000277002a327c: ; ImmutableOopMap {rdx=Oop r8=Oop rsi=Oop rbx=Oop [168]=Oop [184]=Oop [224]=Oop }
                      ;*invokevirtual type {reexecute=0 rethrow=0 return_oop=0}
                      ; - java.lang.invoke.Invokers::checkExactType@1
                      ; - java.lang.invoke.Invokers$Holder::invokeExact_MT@10
                      ; - jdk.internal.reflect.DirectMethodHandleAccessor::invokeImpl@41
                      ; - jdk.internal.reflect.DirectMethodHandleAccessor::invoke@23
  0x00000277002a327c: 80ed 2f07 

  0x00000277002a3280: ;   {metadata({method} {0x000002770f3dc300} 'checkCustomized' '(Ljava/lang/invoke/MethodHandle;)V' in 'java/lang/invoke/Invokers')}
  0x00000277002a3280: 49ba f8c2 | 3d0f 7702 | 0000 4c89 | 5424 0848 | c704 24ff 

  0x00000277002a3294: ;   {runtime_call counter_overflow Runtime1 stub}
  0x00000277002a3294: ffff ffe8 

  0x00000277002a3298: ; ImmutableOopMap {rdx=Oop r8=Oop rsi=Oop [168]=Oop [184]=Oop [224]=Oop }
                      ;*synchronization entry
                      ; - java.lang.invoke.Invokers::checkCustomized@-1
                      ; - java.lang.invoke.Invokers$Holder::invokeExact_MT@14
                      ; - jdk.internal.reflect.DirectMethodHandleAccessor::invokeImpl@41
                      ; - jdk.internal.reflect.DirectMethodHandleAccessor::invoke@23
  0x00000277002a3298: e429 3907 | e92a f5ff 

  0x00000277002a32a0: ;   {metadata({method} {0x000002770f0944d8} 'isCompileConstant' '(Ljava/lang/Object;)Z' in 'java/lang/invoke/MethodHandleImpl')}
  0x00000277002a32a0: ff49 bad0 | 4409 0f77 | 0200 004c | 8954 2408 | 48c7 0424 | ffff ffff 

  0x00000277002a32b8: ;   {runtime_call counter_overflow Runtime1 stub}
  0x00000277002a32b8: e8c3 2939 

  0x00000277002a32bc: ; ImmutableOopMap {rdx=Oop r8=Oop rsi=Oop [168]=Oop [184]=Oop [224]=Oop }
                      ;*synchronization entry
                      ; - java.lang.invoke.MethodHandleImpl::isCompileConstant@-1
                      ; - java.lang.invoke.Invokers::checkCustomized@1
                      ; - java.lang.invoke.Invokers$Holder::invokeExact_MT@14
                      ; - jdk.internal.reflect.DirectMethodHandleAccessor::invokeImpl@41
                      ; - jdk.internal.reflect.DirectMethodHandleAccessor::invoke@23
  0x00000277002a32bc: 07e9 42f5 

  0x00000277002a32c0: ;   {runtime_call throw_null_pointer_exception Runtime1 stub}
  0x00000277002a32c0: ffff e839 

  0x00000277002a32c4: ; ImmutableOopMap {rdx=Oop r8=Oop rsi=Oop [168]=Oop [184]=Oop [224]=Oop }
                      ;*getfield customized {reexecute=1 rethrow=0 return_oop=0}
                      ; - (reexecute) java.lang.invoke.Invokers::checkCustomized@12
                      ; - java.lang.invoke.Invokers$Holder::invokeExact_MT@14
                      ; - jdk.internal.reflect.DirectMethodHandleAccessor::invokeImpl@41
                      ; - jdk.internal.reflect.DirectMethodHandleAccessor::invoke@23
                      ;   {internal_word}
  0x00000277002a32c4: ed2f 0749 | ba45 292a | 0077 0200 | 004d 8997 | 6804 0000 

  0x00000277002a32d8: ;   {runtime_call SafepointBlob}
  0x00000277002a32d8: e923 182e 

  0x00000277002a32dc: ;   {runtime_call throw_null_pointer_exception Runtime1 stub}
  0x00000277002a32dc: 07e8 1eed 

  0x00000277002a32e0: ; ImmutableOopMap {rax=Oop [168]=Oop [184]=Oop [224]=Oop }
                      ;*athrow {reexecute=1 rethrow=0 return_oop=0}
                      ; - (reexecute) java.lang.invoke.Invokers::checkExactType@15
                      ; - java.lang.invoke.Invokers$Holder::invokeExact_MT@10
                      ; - jdk.internal.reflect.DirectMethodHandleAccessor::invokeImpl@41
                      ; - jdk.internal.reflect.DirectMethodHandleAccessor::invoke@23
                      ;   {runtime_call throw_null_pointer_exception Runtime1 stub}
  0x00000277002a32e0: 2f07 e819 

  0x00000277002a32e4: ; ImmutableOopMap {rax=Oop [168]=Oop [184]=Oop [200]=Oop [208]=Oop [216]=Oop }
                      ;*athrow {reexecute=1 rethrow=0 return_oop=0}
                      ; - (reexecute) java.lang.invoke.Invokers::checkExactType@15
                      ; - java.lang.invoke.LambdaForm$MH/0x0000027710002c00::invokeExact_MT@11
                      ; - jdk.internal.reflect.DirectMethodHandleAccessor::invokeImpl@72
                      ; - jdk.internal.reflect.DirectMethodHandleAccessor::invoke@23
                      ;   {runtime_call throw_null_pointer_exception Runtime1 stub}
  0x00000277002a32e4: ed2f 07e8 

  0x00000277002a32e8: ; ImmutableOopMap {rax=Oop [168]=Oop [176]=Oop [184]=Oop [192]=Oop }
                      ;*athrow {reexecute=1 rethrow=0 return_oop=0}
                      ; - (reexecute) java.lang.invoke.Invokers::checkExactType@15
                      ; - java.lang.invoke.Invokers$Holder::invokeExact_MT@10
                      ; - jdk.internal.reflect.DirectMethodHandleAccessor::invokeImpl@104
                      ; - jdk.internal.reflect.DirectMethodHandleAccessor::invoke@23
  0x00000277002a32e8: 14ed 2f07 

  0x00000277002a32ec: ;   {metadata({method} {0x000002770f3c84c0} 'isIllegalArgument' '(Ljava/lang/RuntimeException;)Z' in 'jdk/internal/reflect/DirectMethodHandleAccessor')}
  0x00000277002a32ec: 49ba b884 | 3c0f 7702 | 0000 4c89 | 5424 0848 | c704 24ff 

  0x00000277002a3300: ;   {runtime_call counter_overflow Runtime1 stub}
  0x00000277002a3300: ffff ffe8 

  0x00000277002a3304: ; ImmutableOopMap {rax=Oop }
                      ;*synchronization entry
                      ; - jdk.internal.reflect.DirectMethodHandleAccessor::isIllegalArgument@-1
                      ; - jdk.internal.reflect.DirectMethodHandleAccessor::invoke@58
  0x00000277002a3304: 7829 3907 | e96b f7ff 

  0x00000277002a330c: ;   {metadata({method} {0x000002770f3c84c0} 'isIllegalArgument' '(Ljava/lang/RuntimeException;)Z' in 'jdk/internal/reflect/DirectMethodHandleAccessor')}
  0x00000277002a330c: ff49 bab8 | 843c 0f77 | 0200 004c | 8954 2408 | 48c7 0424 | ffff ffff 

  0x00000277002a3324: ;   {runtime_call counter_overflow Runtime1 stub}
  0x00000277002a3324: e857 2939 

  0x00000277002a3328: ; ImmutableOopMap {rax=Oop }
                      ;*synchronization entry
                      ; - jdk.internal.reflect.DirectMethodHandleAccessor::isIllegalArgument@-1
                      ; - jdk.internal.reflect.DirectMethodHandleAccessor::invoke@30
  0x00000277002a3328: 07e9 05f8 

  0x00000277002a332c: ;   {metadata(nullptr)}
  0x00000277002a332c: ffff 48ba | 0000 0000 | 0000 0000 | b800 0f05 

  0x00000277002a333c: ;   {runtime_call load_klass_patching Runtime1 stub}
  0x00000277002a333c: 0ae8 be18 

  0x00000277002a3340: ; ImmutableOopMap {}
                      ;*new {reexecute=1 rethrow=0 return_oop=0}
                      ; - (reexecute) jdk.internal.reflect.DirectMethodHandleAccessor::invoke@36
  0x00000277002a3340: 3907 e949 | f8ff ff48 

  0x00000277002a3348: ;   {runtime_call fast_new_instance Runtime1 stub}
  0x00000277002a3348: 8bd2 e8b1 

  0x00000277002a334c: ; ImmutableOopMap {}
                      ;*new {reexecute=0 rethrow=0 return_oop=0}
                      ; - jdk.internal.reflect.DirectMethodHandleAccessor::invoke@36
  0x00000277002a334c: e32f 07e9 | 94f8 ffff 

  0x00000277002a3354: ;   {runtime_call fast_new_instance Runtime1 stub}
  0x00000277002a3354: 488b d2e8 

  0x00000277002a3358: ; ImmutableOopMap {r8=Oop }
                      ;*new {reexecute=0 rethrow=0 return_oop=0}
                      ; - jdk.internal.reflect.DirectMethodHandleAccessor::invoke@46
  0x00000277002a3358: a4e3 2f07 | e930 f9ff 

  0x00000277002a3360: ;   {metadata(nullptr)}
  0x00000277002a3360: ff48 ba00 | 0000 0000 | 0000 00b8 | 000f 050a 

  0x00000277002a3370: ;   {runtime_call load_klass_patching Runtime1 stub}
  0x00000277002a3370: e88b 1839 

  0x00000277002a3374: ; ImmutableOopMap {[232]=Oop }
                      ;*new {reexecute=1 rethrow=0 return_oop=0}
                      ; - (reexecute) jdk.internal.reflect.DirectMethodHandleAccessor::invoke@64
  0x00000277002a3374: 07e9 5ef9 | ffff 488b 

  0x00000277002a337c: ;   {runtime_call fast_new_instance Runtime1 stub}
  0x00000277002a337c: d2e8 7ee3 

  0x00000277002a3380: ; ImmutableOopMap {[232]=Oop }
                      ;*new {reexecute=0 rethrow=0 return_oop=0}
                      ; - jdk.internal.reflect.DirectMethodHandleAccessor::invoke@64
  0x00000277002a3380: 2f07 e9a9 | f9ff ff48 

  0x00000277002a3388: ;   {runtime_call fast_new_instance Runtime1 stub}
  0x00000277002a3388: 8bd2 e871 

  0x00000277002a338c: ; ImmutableOopMap {r8=Oop }
                      ;*new {reexecute=0 rethrow=0 return_oop=0}
                      ; - jdk.internal.reflect.DirectMethodHandleAccessor::invoke@73
  0x00000277002a338c: e32f 07e9 | 45fa ffff 

  0x00000277002a3394: ;   {metadata(nullptr)}
  0x00000277002a3394: 48ba 0000 | 0000 0000 | 0000 b800 

  0x00000277002a33a0: ;   {runtime_call load_klass_patching Runtime1 stub}
  0x00000277002a33a0: 0f05 0ae8 

  0x00000277002a33a4: ; ImmutableOopMap {[168]=Oop [176]=Oop [184]=Oop }
                      ;*new {reexecute=1 rethrow=0 return_oop=0}
                      ; - (reexecute) jdk.internal.reflect.DirectMethodHandleAccessor::checkReceiver@14
                      ; - jdk.internal.reflect.DirectMethodHandleAccessor::invoke@9
  0x00000277002a33a4: 5818 3907 | e973 faff | ff48 8bd2 

  0x00000277002a33b0: ;   {runtime_call fast_new_instance Runtime1 stub}
  0x00000277002a33b0: e84b e32f 

  0x00000277002a33b4: ; ImmutableOopMap {[168]=Oop [176]=Oop [184]=Oop }
                      ;*new {reexecute=0 rethrow=0 return_oop=0}
                      ; - jdk.internal.reflect.DirectMethodHandleAccessor::checkReceiver@14
                      ; - jdk.internal.reflect.DirectMethodHandleAccessor::invoke@9
  0x00000277002a33b4: 07e9 befa | ffff 488b 

  0x00000277002a33bc: ;   {runtime_call fast_new_instance Runtime1 stub}
  0x00000277002a33bc: d2e8 3ee3 

  0x00000277002a33c0: ; ImmutableOopMap {r8=Oop }
                      ;*new {reexecute=0 rethrow=0 return_oop=0}
                      ; - jdk.internal.reflect.DirectMethodHandleAccessor::invoke@83
  0x00000277002a33c0: 2f07 e970 | fbff ff49 | 8b87 0005 | 0000 49c7 | 8700 0500 | 0000 0000 | 0049 c787 | 0805 0000 
  0x00000277002a33e0: 0000 0000 | 4881 c430 | 0100 005d 

  0x00000277002a33ec: ;   {runtime_call unwind_exception Runtime1 stub}
  0x00000277002a33ec: e90f fb2f | 07f4 f4f4 | f4f4 f4f4 
[Stub Code]
  0x00000277002a33f8: ;   {no_reloc}
  0x00000277002a33f8: 0f1f 4400 

  0x00000277002a33fc: ;   {static_stub}
  0x00000277002a33fc: 0048 bbb0 | 8a47 5077 

  0x00000277002a3404: ;   {runtime_call I2C/C2I adapters}
  0x00000277002a3404: 0200 00e9 | 6b1a 2e07 

  0x00000277002a340c: ;   {static_stub}
  0x00000277002a340c: 9048 bb10 | e50a 0f77 

  0x00000277002a3414: ;   {runtime_call I2C/C2I adapters}
  0x00000277002a3414: 0200 00e9 | d31e 2d07 

  0x00000277002a341c: ;   {static_stub}
  0x00000277002a341c: 9048 bb00 | 0000 0000 

  0x00000277002a3424: ;   {runtime_call nmethod}
  0x00000277002a3424: 0000 00e9 | fbff ffff 

  0x00000277002a342c: ;   {static_stub}
  0x00000277002a342c: 9048 bb00 | 0000 0000 

  0x00000277002a3434: ;   {runtime_call nmethod}
  0x00000277002a3434: 0000 00e9 | fbff ffff 

  0x00000277002a343c: ;   {static_stub}
  0x00000277002a343c: 48bb 0000 | 0000 0000 

  0x00000277002a3444: ;   {runtime_call nmethod}
  0x00000277002a3444: 0000 e9fb 

  0x00000277002a3448: ;   {static_stub}
  0x00000277002a3448: ffff ff48 | bb00 0000 | 0000 0000 

  0x00000277002a3454: ;   {runtime_call nmethod}
  0x00000277002a3454: 00e9 fbff 

  0x00000277002a3458: ;   {static_stub}
  0x00000277002a3458: ffff 48bb | 0000 0000 | 0000 0000 

  0x00000277002a3464: ;   {runtime_call nmethod}
  0x00000277002a3464: e9fb ffff 

  0x00000277002a3468: ;   {static_stub}
  0x00000277002a3468: ff48 bb00 | 0000 0000 

  0x00000277002a3470: ;   {runtime_call nmethod}
  0x00000277002a3470: 0000 00e9 | fbff ffff 

  0x00000277002a3478: ;   {static_stub}
  0x00000277002a3478: 48bb 0000 | 0000 0000 

  0x00000277002a3480: ;   {runtime_call nmethod}
  0x00000277002a3480: 0000 e9fb 

  0x00000277002a3484: ;   {static_stub}
  0x00000277002a3484: ffff ff48 | bb00 0000 | 0000 0000 

  0x00000277002a3490: ;   {runtime_call nmethod}
  0x00000277002a3490: 00e9 fbff 

  0x00000277002a3494: ;   {static_stub}
  0x00000277002a3494: ffff 48bb | 0000 0000 | 0000 0000 

  0x00000277002a34a0: ;   {runtime_call nmethod}
  0x00000277002a34a0: e9fb ffff 

  0x00000277002a34a4: ;   {static_stub}
  0x00000277002a34a4: ff48 bb00 | 0000 0000 

  0x00000277002a34ac: ;   {runtime_call nmethod}
  0x00000277002a34ac: 0000 00e9 | fbff ffff 

  0x00000277002a34b4: ;   {static_stub}
  0x00000277002a34b4: 48bb 0000 | 0000 0000 

  0x00000277002a34bc: ;   {runtime_call nmethod}
  0x00000277002a34bc: 0000 e9fb 

  0x00000277002a34c0: ;   {static_stub}
  0x00000277002a34c0: ffff ff48 | bb00 0000 | 0000 0000 

  0x00000277002a34cc: ;   {runtime_call nmethod}
  0x00000277002a34cc: 00e9 fbff 

  0x00000277002a34d0: ;   {runtime_call handle_exception_from_callee Runtime1 stub}
  0x00000277002a34d0: ffff e829 

  0x00000277002a34d4: ;   {external_word}
  0x00000277002a34d4: cd2f 0748 | b950 63e0 | 2ffe 7f00 | 0048 83e4 

  0x00000277002a34e4: ;   {runtime_call}
  0x00000277002a34e4: f048 b8c0 | c9a2 2ffe | 7f00 00ff 

  0x00000277002a34f0: ;   {section_word}
  0x00000277002a34f0: d0f4 49ba | f234 2a00 | 7702 0000 

  0x00000277002a34fc: ;   {runtime_call DeoptimizationBlob}
  0x00000277002a34fc: 4152 e99d 

  0x00000277002a3500: ;   {section_word}
  0x00000277002a3500: 082e 0749 | ba03 352a | 0077 0200 

  0x00000277002a350c: ;   {runtime_call DeoptimizationBlob}
  0x00000277002a350c: 0041 52e9 | 8c08 2e07 | f4f4 f4f4 
[/MachCode]


Compiled method (c1) 112886 1536       3       java.lang.reflect.Method::invoke (108 bytes)
 total in heap  [0x00000277002a5610,0x00000277002a6088] = 2680
 relocation     [0x00000277002a5770,0x00000277002a5830] = 192
 main code      [0x00000277002a5840,0x00000277002a5e20] = 1504
 stub code      [0x00000277002a5e20,0x00000277002a5eb8] = 152
 metadata       [0x00000277002a5eb8,0x00000277002a5ed0] = 24
 scopes data    [0x00000277002a5ed0,0x00000277002a5f90] = 192
 scopes pcs     [0x00000277002a5f90,0x00000277002a6060] = 208
 dependencies   [0x00000277002a6060,0x00000277002a6068] = 8
 nul chk table  [0x00000277002a6068,0x00000277002a6088] = 32

[Constant Pool (empty)]

[MachCode]
[Entry Point]
  # {method} {0x000002770f044978} 'invoke' '(Ljava/lang/Object;[Ljava/lang/Object;)Ljava/lang/Object;' in 'java/lang/reflect/Method'
  # this:     rdx:rdx   = 'java/lang/reflect/Method'
  # parm0:    r8:r8     = 'java/lang/Object'
  # parm1:    r9:r9     = '[Ljava/lang/Object;'
  #           [sp+0x90]  (sp of caller)
  0x00000277002a5840: 448b 5208 | 49bb 0000 | 000f 7702 | 0000 4d03 | d34c 3bd0 

  0x00000277002a5854: ;   {runtime_call ic_miss_stub}
  0x00000277002a5854: 0f85 268c | 2d07 660f | 1f44 0000 
[Verified Entry Point]
  0x00000277002a5860: 8984 2400 | 80ff ff55 | 4881 ec80 | 0000 0090 | 4181 7f20 | 0300 0000 

  0x00000277002a5878: ;   {runtime_call StubRoutines (final stubs)}
  0x00000277002a5878: 7405 e861 | 312c 0748 | 8954 2448 | 4c89 4424 

  0x00000277002a5888: ;   {metadata(method data for {method} {0x000002770f044978} 'invoke' '(Ljava/lang/Object;[Ljava/lang/Object;)Ljava/lang/Object;' in 'java/lang/reflect/Method')}
  0x00000277002a5888: 5048 be90 | 9839 5077 | 0200 008b | becc 0000 | 0083 c702 | 89be cc00 | 0000 81e7 | fe07 0000 
  0x00000277002a58a8: 85ff 0f84 | c204 0000 | 4c89 4c24 | 5848 8bf2 

  0x00000277002a58b8: ;   {metadata(method data for {method} {0x000002770f044978} 'invoke' '(Ljava/lang/Object;[Ljava/lang/Object;)Ljava/lang/Object;' in 'java/lang/reflect/Method')}
  0x00000277002a58b8: 48bf 9098 | 3950 7702 | 0000 4883 | 8710 0100 | 0001 488b | f248 8bd6 | 0f1f 8000 

  0x00000277002a58d4: ;   {optimized virtual_call}
  0x00000277002a58d4: 0000 00e8 

  0x00000277002a58d8: ; ImmutableOopMap {[72]=Oop [80]=Oop [88]=Oop }
                      ;*invokevirtual isCallerSensitive {reexecute=0 rethrow=0 return_oop=0}
                      ; - java.lang.reflect.Method::invoke@1
  0x00000277002a58d8: a4f0 ffff 

  0x00000277002a58dc: ;   {other}
  0x00000277002a58dc: 0f1f 8400 | cc02 0000 | 488b 5424 | 480f be72 

  0x00000277002a58ec: ;   {metadata(method data for {method} {0x000002770f044978} 'invoke' '(Ljava/lang/Object;[Ljava/lang/Object;)Ljava/lang/Object;' in 'java/lang/reflect/Method')}
  0x00000277002a58ec: 0c85 f648 | be90 9839 | 5077 0200 | 0048 c7c7 | 4801 0000 | 7407 48c7 | c758 0100 | 0048 8b1c 
  0x00000277002a590c: 3e48 8d5b | 0148 891c | 3e0f 8441 | 0000 0085 

  0x00000277002a591c: ;   {metadata(method data for {method} {0x000002770f044978} 'invoke' '(Ljava/lang/Object;[Ljava/lang/Object;)Ljava/lang/Object;' in 'java/lang/reflect/Method')}
  0x00000277002a591c: c048 be90 | 9839 5077 | 0200 0048 | c7c7 7801 | 0000 7507 | 48c7 c768 | 0100 0048 | 8b1c 3e48 
  0x00000277002a593c: 8d5b 0148 | 891c 3e0f | 8513 0000 

  0x00000277002a5948: ;   {oop(nullptr)}
  0x00000277002a5948: 0048 bb00 | 0000 0000 | 0000 0089 | 4424 60e9 | 3000 0000 | 8944 2460 

  0x00000277002a5960: ;   {metadata(method data for {method} {0x000002770f044978} 'invoke' '(Ljava/lang/Object;[Ljava/lang/Object;)Ljava/lang/Object;' in 'java/lang/reflect/Method')}
  0x00000277002a5960: 48be 9098 | 3950 7702 | 0000 4883 | 8688 0100 | 0001 0f1f 

  0x00000277002a5974: ;   {static_call}
  0x00000277002a5974: 4400 00e8 

  0x00000277002a5978: ; ImmutableOopMap {[72]=Oop [80]=Oop [88]=Oop }
                      ;*invokestatic getCallerClass {reexecute=0 rethrow=0 return_oop=0}
                      ; - java.lang.reflect.Method::invoke@19
  0x00000277002a5978: 64fc 8307 

  0x00000277002a597c: ;   {other}
  0x00000277002a597c: 0f1f 8400 | 6c03 0001 | 488b d848 | 8b54 2448 | 440f be42 | 0c45 85c0 

  0x00000277002a5994: ;   {metadata(method data for {method} {0x000002770f044978} 'invoke' '(Ljava/lang/Object;[Ljava/lang/Object;)Ljava/lang/Object;' in 'java/lang/reflect/Method')}
  0x00000277002a5994: 49b8 9098 | 3950 7702 | 0000 49c7 | c1a8 0100 | 0074 0749 | c7c1 9801 | 0000 4b8b | 3c08 488d 
  0x00000277002a59b4: 7f01 4b89 | 3c08 0f84 | 0a00 0000 | 4889 5c24 | 68e9 5701 | 0000 448b | 4a24 8b72 

  0x00000277002a59d0: ;   {metadata(method data for {method} {0x000002770f044978} 'invoke' '(Ljava/lang/Object;[Ljava/lang/Object;)Ljava/lang/Object;' in 'java/lang/reflect/Method')}
  0x00000277002a59d0: 2049 b890 | 9839 5077 | 0200 0049 | 8380 b801 

  0x00000277002a59e0: ;   {metadata(method data for {method} {0x000002770f3defc0} 'isStatic' '(I)Z' in 'java/lang/reflect/Modifier')}
  0x00000277002a59e0: 0000 0149 | b8b8 5009 | 5077 0200 | 0041 8bb8 | cc00 0000 | 83c7 0241 | 89b8 cc00 | 0000 81e7 
  0x00000277002a5a00: feff 1f00 | 85ff 0f84 | 8703 0000 | 4c8b c641 | 83e0 0845 

  0x00000277002a5a14: ;   {metadata(method data for {method} {0x000002770f3defc0} 'isStatic' '(I)Z' in 'java/lang/reflect/Modifier')}
  0x00000277002a5a14: 85c0 49b8 | b850 0950 | 7702 0000 | 48c7 c710 | 0100 0074 | 0748 c7c7 | 2001 0000 | 498b 0438 
  0x00000277002a5a34: 488d 4001 | 4989 0438 | 0f84 1c00 

  0x00000277002a5a40: ;   {metadata(method data for {method} {0x000002770f3defc0} 'isStatic' '(I)Z' in 'java/lang/reflect/Modifier')}
  0x00000277002a5a40: 0000 49b8 | b850 0950 | 7702 0000 | 41ff 8030 | 0100 0041 | b801 0000 | 00e9 0600 | 0000 41b8 
  0x00000277002a5a60: 0000 0000 | 4183 e001 

  0x00000277002a5a68: ;   {metadata(method data for {method} {0x000002770f044978} 'invoke' '(Ljava/lang/Object;[Ljava/lang/Object;)Ljava/lang/Object;' in 'java/lang/reflect/Method')}
  0x00000277002a5a68: 4585 c049 | b890 9839 | 5077 0200 | 0048 c7c7 | c801 0000 | 7407 48c7 | c7d8 0100 | 0049 8b04 
  0x00000277002a5a88: 3848 8d40 | 0149 8904 | 380f 8420 

  0x00000277002a5a94: ;   {metadata(method data for {method} {0x000002770f044978} 'invoke' '(Ljava/lang/Object;[Ljava/lang/Object;)Ljava/lang/Object;' in 'java/lang/reflect/Method')}
  0x00000277002a5a94: 0000 0049 | b890 9839 | 5077 0200 | 0041 ff80 | e801 0000 

  0x00000277002a5aa8: ;   {oop(nullptr)}
  0x00000277002a5aa8: 48bf 0000 | 0000 0000 | 0000 e935 | 0000 004c | 8b44 2450 

  0x00000277002a5abc: ; implicit exception: dispatches to 0x00000277002a5db4
  0x00000277002a5abc: 493b 0049 

  0x00000277002a5ac0: ;   {metadata(method data for {method} {0x000002770f044978} 'invoke' '(Ljava/lang/Object;[Ljava/lang/Object;)Ljava/lang/Object;' in 'java/lang/reflect/Method')}
  0x00000277002a5ac0: 8bf8 48b8 | 9098 3950 | 7702 0000 | 4883 8000 | 0200 0001 | 418b 7808 | 49ba 0000 | 000f 7702 
  0x00000277002a5ae0: 0000 4903 | fa48 8b7f | 7048 8b3f 

  0x00000277002a5aec: ;   {metadata(method data for {method} {0x000002770f044978} 'invoke' '(Ljava/lang/Object;[Ljava/lang/Object;)Ljava/lang/Object;' in 'java/lang/reflect/Method')}
  0x00000277002a5aec: 488b c248 | b990 9839 | 5077 0200 | 0048 8381 | 3802 0000 | 014c 8bc3 | 488b ca48 | 8bd1 4889 
  0x00000277002a5b0c: ;   {optimized virtual_call}
  0x00000277002a5b0c: 5c24 68e8 

  0x00000277002a5b10: ; ImmutableOopMap {[72]=Oop [80]=Oop [88]=Oop [104]=Oop }
                      ;*invokevirtual checkAccess {reexecute=0 rethrow=0 return_oop=0}
                      ; - java.lang.reflect.Method::invoke@60
  0x00000277002a5b10: 8c83 ffff 

  0x00000277002a5b14: ;   {other}
  0x00000277002a5b14: 0f1f 8400 | 0405 0002 | 488b 5424 | 488b 724c 

  0x00000277002a5b24: ;   {metadata(method data for {method} {0x000002770f044978} 'invoke' '(Ljava/lang/Object;[Ljava/lang/Object;)Ljava/lang/Object;' in 'java/lang/reflect/Method')}
  0x00000277002a5b24: 4885 f648 | bf90 9839 | 5077 0200 | 0048 c7c3 | 7002 0000 | 7507 48c7 | c380 0200 | 0048 8b04 
  0x00000277002a5b44: 1f48 8d40 | 0148 8904 | 1f0f 852c | 0000 0048 

  0x00000277002a5b54: ;   {metadata(method data for {method} {0x000002770f044978} 'invoke' '(Ljava/lang/Object;[Ljava/lang/Object;)Ljava/lang/Object;' in 'java/lang/reflect/Method')}
  0x00000277002a5b54: 8bf2 48bf | 9098 3950 | 7702 0000 | 4883 8790 | 0200 0001 | 0f1f 8000 

  0x00000277002a5b6c: ;   {optimized virtual_call}
  0x00000277002a5b6c: 0000 00e8 

  0x00000277002a5b70: ; ImmutableOopMap {[80]=Oop [88]=Oop [104]=Oop }
                      ;*invokevirtual acquireMethodAccessor {reexecute=0 rethrow=0 return_oop=0}
                      ; - java.lang.reflect.Method::invoke@75
  0x00000277002a5b70: fd02 0000 

  0x00000277002a5b74: ;   {other}
  0x00000277002a5b74: 0f1f 8400 | 6405 0003 | 488b f08b | 4424 6085 

  0x00000277002a5b84: ;   {metadata(method data for {method} {0x000002770f044978} 'invoke' '(Ljava/lang/Object;[Ljava/lang/Object;)Ljava/lang/Object;' in 'java/lang/reflect/Method')}
  0x00000277002a5b84: c049 b890 | 9839 5077 | 0200 0049 | c7c1 c802 | 0000 7407 | 49c7 c1d8 | 0200 004b | 8b3c 0848 
  0x00000277002a5ba4: 8d7f 014b | 893c 080f | 84ea 0000 | 0048 8b5c | 2468 483b | 064c 8bc6 

  0x00000277002a5bbc: ;   {metadata(method data for {method} {0x000002770f044978} 'invoke' '(Ljava/lang/Object;[Ljava/lang/Object;)Ljava/lang/Object;' in 'java/lang/reflect/Method')}
  0x00000277002a5bbc: 49b9 9098 | 3950 7702 | 0000 458b | 4008 49ba | 0000 000f | 7702 0000 | 4d03 c24d | 3b81 f802 
  0x00000277002a5bdc: 0000 750d | 4983 8100 | 0300 0001 | e960 0000 | 004d 3b81 | 0803 0000 | 750d 4983 | 8110 0300 
  0x00000277002a5bfc: 0001 e94a | 0000 0049 | 83b9 f802 | 0000 0075 | 174d 8981 | f802 0000 | 49c7 8100 | 0300 0001 
  0x00000277002a5c1c: 0000 00e9 | 2900 0000 | 4983 b908 | 0300 0000 | 7517 4d89 | 8108 0300 | 0049 c781 | 1003 0000 
  0x00000277002a5c3c: 0100 0000 | e908 0000 | 0049 8381 | e802 0000 | 014c 8b44 | 2450 4c8b | 4c24 5848 | 8bfb 488b 
  0x00000277002a5c5c: d648 b850 | 6a3c 7e77 

  0x00000277002a5c64: ;   {virtual_call}
  0x00000277002a5c64: 0200 00e8 

  0x00000277002a5c68: ; ImmutableOopMap {}
                      ;*invokeinterface invoke {reexecute=0 rethrow=0 return_oop=0}
                      ; - java.lang.reflect.Method::invoke@90
  0x00000277002a5c68: 51f6 2c07 

  0x00000277002a5c6c: ;   {other}
  0x00000277002a5c6c: 0f1f 8400 | 5c06 0004 

  0x00000277002a5c74: ;   {metadata(method data for {method} {0x000002770f044978} 'invoke' '(Ljava/lang/Object;[Ljava/lang/Object;)Ljava/lang/Object;' in 'java/lang/reflect/Method')}
  0x00000277002a5c74: 49b8 9098 | 3950 7702 | 0000 41ff | 8020 0300 | 0048 81c4 | 8000 0000 

  0x00000277002a5c8c: ;   {poll_return}
  0x00000277002a5c8c: 5d49 3ba7 | 5004 0000 | 0f87 2401 | 0000 c34c | 8b4c 2458 | 4c8b 4424 | 5048 3b06 

  0x00000277002a5ca8: ;   {metadata(method data for {method} {0x000002770f044978} 'invoke' '(Ljava/lang/Object;[Ljava/lang/Object;)Ljava/lang/Object;' in 'java/lang/reflect/Method')}
  0x00000277002a5ca8: 488b d648 | bf90 9839 | 5077 0200 | 008b 5208 | 49ba 0000 | 000f 7702 | 0000 4903 | d248 3b97 
  0x00000277002a5cc8: 4803 0000 | 750d 4883 | 8750 0300 | 0001 e960 | 0000 0048 | 3b97 5803 | 0000 750d | 4883 8760 
  0x00000277002a5ce8: 0300 0001 | e94a 0000 | 0048 83bf | 4803 0000 | 0075 1748 | 8997 4803 | 0000 48c7 | 8750 0300 
  0x00000277002a5d08: 0001 0000 | 00e9 2900 | 0000 4883 | bf58 0300 | 0000 7517 | 4889 9758 | 0300 0048 | c787 6003 
  0x00000277002a5d28: 0000 0100 | 0000 e908 | 0000 0048 | 8387 3803 | 0000 0148 | 8bd6 0f1f | 8000 0000 | 0048 b8b8 
  0x00000277002a5d48: cc19 0f77 

  0x00000277002a5d4c: ;   {virtual_call}
  0x00000277002a5d4c: 0200 00e8 

  0x00000277002a5d50: ; ImmutableOopMap {}
                      ;*invokeinterface invoke {reexecute=0 rethrow=0 return_oop=0}
                      ; - java.lang.reflect.Method::invoke@102
  0x00000277002a5d50: acb3 ffff 

  0x00000277002a5d54: ;   {other}
  0x00000277002a5d54: 0f1f 8400 | 4407 0005 | 4881 c480 | 0000 005d 

  0x00000277002a5d64: ;   {poll_return}
  0x00000277002a5d64: 493b a750 | 0400 000f | 8768 0000 

  0x00000277002a5d70: ;   {metadata({method} {0x000002770f044978} 'invoke' '(Ljava/lang/Object;[Ljava/lang/Object;)Ljava/lang/Object;' in 'java/lang/reflect/Method')}
  0x00000277002a5d70: 00c3 49ba | 7049 040f | 7702 0000 | 4c89 5424 | 0848 c704 | 24ff ffff 

  0x00000277002a5d88: ;   {runtime_call counter_overflow Runtime1 stub}
  0x00000277002a5d88: ffe8 f2fe 

  0x00000277002a5d8c: ; ImmutableOopMap {rdx=Oop r8=Oop r9=Oop [72]=Oop [80]=Oop }
                      ;*synchronization entry
                      ; - java.lang.reflect.Method::invoke@-1
  0x00000277002a5d8c: 3807 e91d 

  0x00000277002a5d90: ;   {metadata({method} {0x000002770f3defc0} 'isStatic' '(I)Z' in 'java/lang/reflect/Modifier')}
  0x00000277002a5d90: fbff ff49 | bab8 ef3d | 0f77 0200 | 004c 8954 | 2408 48c7 | 0424 ffff 

  0x00000277002a5da8: ;   {runtime_call counter_overflow Runtime1 stub}
  0x00000277002a5da8: ffff e8d1 

  0x00000277002a5dac: ; ImmutableOopMap {rbx=Oop rdx=Oop r9=Oop [72]=Oop [80]=Oop [88]=Oop }
                      ;*synchronization entry
                      ; - java.lang.reflect.Modifier::isStatic@-1
                      ; - java.lang.reflect.Method::invoke@42
  0x00000277002a5dac: fe38 07e9 | 58fc ffff 

  0x00000277002a5db4: ;   {runtime_call throw_null_pointer_exception Runtime1 stub}
  0x00000277002a5db4: e847 c22f 

  0x00000277002a5db8: ; ImmutableOopMap {rbx=Oop rdx=Oop r9=Oop r8=Oop [72]=Oop [80]=Oop [88]=Oop }
                      ;*invokevirtual getClass {reexecute=0 rethrow=0 return_oop=0}
                      ; - java.lang.reflect.Method::invoke@53
                      ;   {runtime_call throw_null_pointer_exception Runtime1 stub}
  0x00000277002a5db8: 07e8 42c2 

  0x00000277002a5dbc: ; ImmutableOopMap {rsi=Oop rbx=Oop [80]=Oop [88]=Oop }
                      ;*invokeinterface invoke {reexecute=0 rethrow=0 return_oop=0}
                      ; - java.lang.reflect.Method::invoke@90
                      ;   {internal_word}
  0x00000277002a5dbc: 2f07 49ba | 8d5c 2a00 | 7702 0000 | 4d89 9768 

  0x00000277002a5dcc: ;   {runtime_call SafepointBlob}
  0x00000277002a5dcc: 0400 00e9 | 2ced 2d07 

  0x00000277002a5dd4: ;   {runtime_call throw_null_pointer_exception Runtime1 stub}
  0x00000277002a5dd4: e827 c22f 

  0x00000277002a5dd8: ; ImmutableOopMap {r9=Oop r8=Oop rsi=Oop [80]=Oop }
                      ;*invokeinterface invoke {reexecute=0 rethrow=0 return_oop=0}
                      ; - java.lang.reflect.Method::invoke@102
                      ;   {internal_word}
  0x00000277002a5dd8: 0749 ba64 | 5d2a 0077 | 0200 004d | 8997 6804 

  0x00000277002a5de8: ;   {runtime_call SafepointBlob}
  0x00000277002a5de8: 0000 e911 | ed2d 0749 | 8b87 0005 | 0000 49c7 | 8700 0500 | 0000 0000 | 0049 c787 | 0805 0000 
  0x00000277002a5e08: 0000 0000 | 4881 c480 | 0000 005d 

  0x00000277002a5e14: ;   {runtime_call unwind_exception Runtime1 stub}
  0x00000277002a5e14: e9e7 d02f | 07f4 f4f4 | f4f4 f4f4 
[Stub Code]
  0x00000277002a5e20: ;   {no_reloc}
  0x00000277002a5e20: 0f1f 4400 

  0x00000277002a5e24: ;   {static_stub}
  0x00000277002a5e24: 0048 bb00 | 0000 0000 

  0x00000277002a5e2c: ;   {runtime_call nmethod}
  0x00000277002a5e2c: 0000 00e9 | fbff ffff 

  0x00000277002a5e34: ;   {static_stub}
  0x00000277002a5e34: 9048 bb00 | 0000 0000 

  0x00000277002a5e3c: ;   {runtime_call nmethod}
  0x00000277002a5e3c: 0000 00e9 | fbff ffff 

  0x00000277002a5e44: ;   {static_stub}
  0x00000277002a5e44: 48bb 0000 | 0000 0000 

  0x00000277002a5e4c: ;   {runtime_call nmethod}
  0x00000277002a5e4c: 0000 e9fb 

  0x00000277002a5e50: ;   {static_stub}
  0x00000277002a5e50: ffff ff48 | bb00 0000 | 0000 0000 

  0x00000277002a5e5c: ;   {runtime_call nmethod}
  0x00000277002a5e5c: 00e9 fbff 

  0x00000277002a5e60: ;   {static_stub}
  0x00000277002a5e60: ffff 48bb | 0000 0000 | 0000 0000 

  0x00000277002a5e6c: ;   {runtime_call nmethod}
  0x00000277002a5e6c: e9fb ffff 

  0x00000277002a5e70: ;   {static_stub}
  0x00000277002a5e70: ff48 bbe8 | 4d04 0f77 

  0x00000277002a5e78: ;   {runtime_call I2C/C2I adapters}
  0x00000277002a5e78: 0200 00e9 | 637d 2d07 
[Exception Handler]
  0x00000277002a5e80: ;   {runtime_call handle_exception_from_callee Runtime1 stub}
  0x00000277002a5e80: e87b a32f 

  0x00000277002a5e84: ;   {external_word}
  0x00000277002a5e84: 0748 b950 | 63e0 2ffe | 7f00 0048 

  0x00000277002a5e90: ;   {runtime_call}
  0x00000277002a5e90: 83e4 f048 | b8c0 c9a2 | 2ffe 7f00 | 00ff d0f4 
[Deopt Handler Code]
  0x00000277002a5ea0: ;   {section_word}
  0x00000277002a5ea0: 49ba a05e | 2a00 7702 | 0000 4152 

  0x00000277002a5eac: ;   {runtime_call DeoptimizationBlob}
  0x00000277002a5eac: e9ef de2d | 07f4 f4f4 | f4f4 f4f4 
[/MachCode]


---------------  P R O C E S S  ---------------

Threads class SMR info:
_java_thread_list=0x000002777f6eb900, length=34, elements={
0x0000027773d4e330, 0x000002777602e530, 0x0000027775e28cf0, 0x0000027775e2bb30,
0x0000027775e2c590, 0x0000027775e29c70, 0x0000027775e2cc00, 0x0000027775e2d990,
0x0000027775ea5e80, 0x000002777dfae070, 0x000002777e0ddab0, 0x000002777e727f40,
0x000002777decc630, 0x000002777e51e840, 0x000002777e1d6650, 0x000002777e7c68a0,
0x000002777e601550, 0x000002777e2d7a10, 0x000002777ee8d5f0, 0x000002777ee8e9a0,
0x000002777ee8f6c0, 0x000002777ee8c240, 0x000002777ee8dc80, 0x000002777ee8c8d0,
0x000002777ee8cf60, 0x00000277547a8930, 0x00000277547a82a0, 0x00000277547a8fc0,
0x00000277547a7580, 0x00000277547a9650, 0x00000277547a9ce0, 0x00000277547aa370,
0x00000277547a6ef0, 0x00000277547aaa00
}

Java Threads: ( => current thread )
  0x0000027773d4e330 JavaThread "main"                              [_thread_blocked, id=17924, stack(0x00000078c5600000,0x00000078c5700000) (1024K)]
  0x000002777602e530 JavaThread "Reference Handler"          daemon [_thread_blocked, id=4788, stack(0x00000078c5b00000,0x00000078c5c00000) (1024K)]
  0x0000027775e28cf0 JavaThread "Finalizer"                  daemon [_thread_blocked, id=19380, stack(0x00000078c5c00000,0x00000078c5d00000) (1024K)]
  0x0000027775e2bb30 JavaThread "Signal Dispatcher"          daemon [_thread_blocked, id=20276, stack(0x00000078c5d00000,0x00000078c5e00000) (1024K)]
  0x0000027775e2c590 JavaThread "Attach Listener"            daemon [_thread_blocked, id=9592, stack(0x00000078c5e00000,0x00000078c5f00000) (1024K)]
  0x0000027775e29c70 JavaThread "Service Thread"             daemon [_thread_blocked, id=20676, stack(0x00000078c5f00000,0x00000078c6000000) (1024K)]
  0x0000027775e2cc00 JavaThread "Monitor Deflation Thread"   daemon [_thread_blocked, id=11848, stack(0x00000078c6000000,0x00000078c6100000) (1024K)]
  0x0000027775e2d990 JavaThread "C2 CompilerThread0"         daemon [_thread_blocked, id=15216, stack(0x00000078c6100000,0x00000078c6200000) (1024K)]
  0x0000027775ea5e80 JavaThread "C1 CompilerThread0"         daemon [_thread_blocked, id=14876, stack(0x00000078c6200000,0x00000078c6300000) (1024K)]
  0x000002777dfae070 JavaThread "Common-Cleaner"             daemon [_thread_blocked, id=12776, stack(0x00000078c6300000,0x00000078c6400000) (1024K)]
  0x000002777e0ddab0 JavaThread "Notification Thread"        daemon [_thread_blocked, id=6576, stack(0x00000078c6400000,0x00000078c6500000) (1024K)]
  0x000002777e727f40 JavaThread "Active Thread: Equinox Container: 7b4ef0ad-543b-4620-b7e2-d703407571a1"        [_thread_blocked, id=2600, stack(0x00000078c6600000,0x00000078c6700000) (1024K)]
  0x000002777decc630 JavaThread "Refresh Thread: Equinox Container: 7b4ef0ad-543b-4620-b7e2-d703407571a1" daemon [_thread_blocked, id=5440, stack(0x00000078c6700000,0x00000078c6800000) (1024K)]
  0x000002777e51e840 JavaThread "Framework Event Dispatcher: Equinox Container: 7b4ef0ad-543b-4620-b7e2-d703407571a1" daemon [_thread_blocked, id=6828, stack(0x00000078c6800000,0x00000078c6900000) (1024K)]
  0x000002777e1d6650 JavaThread "Start Level: Equinox Container: 7b4ef0ad-543b-4620-b7e2-d703407571a1" daemon [_thread_blocked, id=9308, stack(0x00000078c6900000,0x00000078c6a00000) (1024K)]
  0x000002777e7c68a0 JavaThread "Bundle File Closer"         daemon [_thread_blocked, id=13196, stack(0x00000078c6a00000,0x00000078c6b00000) (1024K)]
  0x000002777e601550 JavaThread "SCR Component Actor"        daemon [_thread_blocked, id=7928, stack(0x00000078c6b00000,0x00000078c6c00000) (1024K)]
  0x000002777e2d7a10 JavaThread "Worker-JM"                         [_thread_blocked, id=1772, stack(0x00000078c5700000,0x00000078c5800000) (1024K)]
  0x000002777ee8d5f0 JavaThread "JNA Cleaner"                daemon [_thread_blocked, id=7192, stack(0x00000078c6d00000,0x00000078c6e00000) (1024K)]
  0x000002777ee8e9a0 JavaThread "Worker-0"                          [_thread_blocked, id=10360, stack(0x00000078c6e00000,0x00000078c6f00000) (1024K)]
  0x000002777ee8f6c0 JavaThread "Worker-1"                          [_thread_blocked, id=3592, stack(0x00000078c6f00000,0x00000078c7000000) (1024K)]
  0x000002777ee8c240 JavaThread "Worker-2"                          [_thread_blocked, id=15468, stack(0x00000078c7000000,0x00000078c7100000) (1024K)]
  0x000002777ee8dc80 JavaThread "Worker-3"                          [_thread_blocked, id=4508, stack(0x00000078c7100000,0x00000078c7200000) (1024K)]
  0x000002777ee8c8d0 JavaThread "Java indexing"              daemon [_thread_blocked, id=14556, stack(0x00000078c7200000,0x00000078c7300000) (1024K)]
  0x000002777ee8cf60 JavaThread "Worker-4: Initialize Workspace"        [_thread_blocked, id=2864, stack(0x00000078c7500000,0x00000078c7600000) (1024K)]
  0x00000277547a8930 JavaThread "Worker-5: Synchronize Gradle projects with workspace"        [_thread_blocked, id=14716, stack(0x00000078c7600000,0x00000078c7700000) (1024K)]
  0x00000277547a82a0 JavaThread "pool-2-thread-1"                   [_thread_blocked, id=20192, stack(0x00000078c7700000,0x00000078c7800000) (1024K)]
  0x00000277547a8fc0 JavaThread "Timer-0"                           [_thread_blocked, id=7568, stack(0x00000078c7800000,0x00000078c7900000) (1024K)]
  0x00000277547a7580 JavaThread "Timer-1"                           [_thread_blocked, id=11292, stack(0x00000078c7900000,0x00000078c7a00000) (1024K)]
=>0x00000277547a9650 JavaThread "Connection worker"                 [_thread_in_vm, id=6464, stack(0x00000078c7a00000,0x00000078c7b00000) (1024K)]
  0x00000277547a9ce0 JavaThread "WorkspaceEventsHandler"            [_thread_blocked, id=15668, stack(0x00000078c7b00000,0x00000078c7c00000) (1024K)]
  0x00000277547aa370 JavaThread "pool-1-thread-1"                   [_thread_blocked, id=18776, stack(0x00000078c7c00000,0x00000078c7d00000) (1024K)]
  0x00000277547a6ef0 JavaThread "PatternSearchJob-worker-1"  daemon [_thread_blocked, id=11004, stack(0x00000078c7d00000,0x00000078c7e00000) (1024K)]
  0x00000277547aaa00 JavaThread "ProjectImportProgressReporter" daemon [_thread_blocked, id=11516, stack(0x00000078c7e00000,0x00000078c7f00000) (1024K)]
Total: 34

Other Threads:
  0x0000027776016100 VMThread "VM Thread"                           [id=2888, stack(0x00000078c5a00000,0x00000078c5b00000) (1024K)] _threads_hazard_ptr=0x000002777f6eb900
  0x0000027775dfcb20 WatcherThread "VM Periodic Task Thread"        [id=20464, stack(0x00000078c5900000,0x00000078c5a00000) (1024K)]
  0x0000027775f95240 WorkerThread "GC Thread#0"                     [id=13040, stack(0x00000078c5800000,0x00000078c5900000) (1024K)]
  0x000002777e591ff0 WorkerThread "GC Thread#1"                     [id=20088, stack(0x00000078c6500000,0x00000078c6600000) (1024K)]
Total: 4

Threads with active compile tasks:
Total: 0

VM state: synchronizing (normal execution)

VM Mutex/Monitor currently owned by a thread:  ([mutex/lock_event])
[0x00007ffe300bd530] Metaspace_lock - owner thread: 0x00000277547a9650
[0x00007ffe300bf5b0] Threads_lock - owner thread: 0x0000027776016100

Heap address: 0x0000000080000000, size: 2048 MB, Compressed Oops mode: 32-bit

CDS archive(s) mapped at: [0x000002770f000000-0x000002770fba0000-0x000002770fba0000), size 12189696, SharedBaseAddress: 0x000002770f000000, ArchiveRelocationMode: 1.
Compressed class space mapped at: 0x0000027710000000-0x0000027750000000, reserved size: 1073741824
Narrow klass base: 0x000002770f000000, Narrow klass shift: 0, Narrow klass range: 0x100000000

GC Precious Log:
 CardTable entry size: 512
 CPUs: 2 total, 2 available
 Memory: 5877M
 Large Page Support: Disabled
 NUMA Support: Disabled
 Compressed Oops: Enabled (32-bit)
 Alignments: Space 512K, Generation 512K, Heap 2M
 Heap Min Capacity: 100M
 Heap Initial Capacity: 100M
 Heap Max Capacity: 2G
 Pre-touch: Disabled
 Parallel Workers: 2

Heap:
 PSYoungGen      total 23040K, used 10632K [0x00000000d5580000, 0x00000000d7400000, 0x0000000100000000)
  eden space 22016K, 43% used [0x00000000d5580000,0x00000000d5ee6c60,0x00000000d6b00000)
  from space 1024K, 98% used [0x00000000d7300000,0x00000000d73fb518,0x00000000d7400000)
  to   space 2560K, 0% used [0x00000000d6f00000,0x00000000d6f00000,0x00000000d7180000)
 ParOldGen       total 68608K, used 39118K [0x0000000080000000, 0x0000000084300000, 0x00000000d5580000)
  object space 68608K, 57% used [0x0000000080000000,0x0000000082633af8,0x0000000084300000)
 Metaspace       used 52639K, committed 53888K, reserved 1114112K
  class space    used 6102K, committed 6656K, reserved 1048576K

Card table byte_map: [0x0000027775910000,0x0000027775d20000] _byte_map_base: 0x0000027775510000

Marking Bits: (ParMarkBitMap*) 0x00007ffe300c44a0
 Begin Bits: [0x0000027779420000, 0x000002777b420000)
 End Bits:   [0x000002777b420000, 0x000002777d420000)

Polling page: 0x0000027773dc0000

Metaspace:

Usage:
  Non-class:     45.45 MB used.
      Class:      5.96 MB used.
       Both:     51.41 MB used.

Virtual space:
  Non-class space:       64.00 MB reserved,      46.12 MB ( 72%) committed,  1 nodes.
      Class space:        1.00 GB reserved,       6.50 MB ( <1%) committed,  1 nodes.
             Both:        1.06 GB reserved,      52.62 MB (  5%) committed. 

Chunk freelists:
   Non-Class:  1.55 MB
       Class:  9.41 MB
        Both:  10.95 MB

MaxMetaspaceSize: unlimited
CompressedClassSpaceSize: 1.00 GB
Initial GC threshold: 21.00 MB
Current GC threshold: 58.38 MB
CDS: on
 - commit_granule_bytes: 65536.
 - commit_granule_words: 8192.
 - virtual_space_node_default_size: 8388608.
 - enlarge_chunks_in_place: 1.
 - use_allocation_guard: 0.


Internal statistics:

num_allocs_failed_limit: 6.
num_arena_births: 886.
num_arena_deaths: 14.
num_vsnodes_births: 2.
num_vsnodes_deaths: 0.
num_space_committed: 842.
num_space_uncommitted: 0.
num_chunks_returned_to_freelist: 27.
num_chunks_taken_from_freelist: 3296.
num_chunk_merges: 10.
num_chunk_splits: 2040.
num_chunks_enlarged: 1170.
num_inconsistent_stats: 0.

CodeHeap 'non-profiled nmethods': size=120064Kb used=3768Kb max_used=3768Kb free=116295Kb
 bounds [0x0000027707ac0000, 0x0000027707e70000, 0x000002770f000000]
CodeHeap 'profiled nmethods': size=120000Kb used=13345Kb max_used=13345Kb free=106654Kb
 bounds [0x0000027700000000, 0x0000027700d10000, 0x0000027707530000]
CodeHeap 'non-nmethods': size=5696Kb used=1369Kb max_used=1414Kb free=4327Kb
 bounds [0x0000027707530000, 0x00000277077a0000, 0x0000027707ac0000]
CodeCache: size=245760Kb, used=18482Kb, max_used=18527Kb, free=227276Kb
 total_blobs=6779, nmethods=6110, adapters=575, full_count=0
Compilation: enabled, stopped_count=0, restarted_count=0

Compilation events (20 events):
Event: 111.729 Thread 0x0000027775ea5e80 6721       3       com.google.common.collect.Iterators$ArrayItr::<init> (13 bytes)
Event: 111.729 Thread 0x0000027775ea5e80 nmethod 6721 0x0000027700cfc110 code [0x0000027700cfc2e0, 0x0000027700cfc658]
Event: 111.822 Thread 0x0000027775ea5e80 6722       3       java.lang.invoke.MemberName::equals (69 bytes)
Event: 111.823 Thread 0x0000027775ea5e80 nmethod 6722 0x0000027700cfc810 code [0x0000027700cfcaa0, 0x0000027700cfd5a8]
Event: 111.837 Thread 0x0000027775ea5e80 6723   !   3       org.eclipse.osgi.internal.loader.BundleLoader::findClass0 (490 bytes)
Event: 111.841 Thread 0x0000027775ea5e80 nmethod 6723 0x0000027700cfd890 code [0x0000027700cfe120, 0x0000027700d02a10]
Event: 111.845 Thread 0x0000027775ea5e80 6724       3       java.lang.invoke.StringConcatFactory::parseRecipe (213 bytes)
Event: 111.847 Thread 0x0000027775ea5e80 nmethod 6724 0x0000027700d04210 code [0x0000027700d045c0, 0x0000027700d05f28]
Event: 111.857 Thread 0x0000027775ea5e80 6725       1       java.util.Collections$EmptySet::contains (2 bytes)
Event: 111.857 Thread 0x0000027775ea5e80 nmethod 6725 0x0000027707e6dd10 code [0x0000027707e6dea0, 0x0000027707e6df68]
Event: 111.857 Thread 0x0000027775ea5e80 6726       3       org.eclipse.osgi.internal.framework.BundleContextImpl::getBundle (5 bytes)
Event: 111.857 Thread 0x0000027775ea5e80 nmethod 6726 0x0000027700d06b10 code [0x0000027700d06ca0, 0x0000027700d06dd8]
Event: 111.859 Thread 0x0000027775ea5e80 6727       3       org.eclipse.core.internal.resources.Resource::isMember (65 bytes)
Event: 111.860 Thread 0x0000027775ea5e80 nmethod 6727 0x0000027700d06e90 code [0x0000027700d07040, 0x0000027700d072d0]
Event: 111.860 Thread 0x0000027775ea5e80 6728       3       org.eclipse.core.internal.dtree.DataTreeLookup::newLookup (12 bytes)
Event: 111.861 Thread 0x0000027775ea5e80 nmethod 6728 0x0000027700d07390 code [0x0000027700d07540, 0x0000027700d07788]
Event: 111.880 Thread 0x0000027775ea5e80 6729       3       java.lang.Integer::toString (55 bytes)
Event: 111.880 Thread 0x0000027775ea5e80 nmethod 6729 0x0000027700d07890 code [0x0000027700d07a60, 0x0000027700d07da0]
Event: 111.881 Thread 0x0000027775ea5e80 6730       3       java.lang.AbstractStringBuilder::inflate (42 bytes)
Event: 111.882 Thread 0x0000027775ea5e80 nmethod 6730 0x0000027700d07f10 code [0x0000027700d08100, 0x0000027700d084d0]

GC Heap History (20 events):
Event: 97.909 GC heap before
{Heap before GC invocations=17 (full 2):
 PSYoungGen      total 23040K, used 23028K [0x00000000d5580000, 0x00000000d7080000, 0x0000000100000000)
  eden space 22016K, 100% used [0x00000000d5580000,0x00000000d6b00000,0x00000000d6b00000)
  from space 1024K, 98% used [0x00000000d6f80000,0x00000000d707d110,0x00000000d7080000)
  to   space 2560K, 0% used [0x00000000d6b80000,0x00000000d6b80000,0x00000000d6e00000)
 ParOldGen       total 68608K, used 19692K [0x0000000080000000, 0x0000000084300000, 0x00000000d5580000)
  object space 68608K, 28% used [0x0000000080000000,0x000000008133b3c0,0x0000000084300000)
 Metaspace       used 39628K, committed 40704K, reserved 1114112K
  class space    used 4278K, committed 4736K, reserved 1048576K
}
Event: 97.912 GC heap after
{Heap after GC invocations=17 (full 2):
 PSYoungGen      total 24576K, used 832K [0x00000000d5580000, 0x00000000d7000000, 0x0000000100000000)
  eden space 22016K, 0% used [0x00000000d5580000,0x00000000d5580000,0x00000000d6b00000)
  from space 2560K, 32% used [0x00000000d6b80000,0x00000000d6c50000,0x00000000d6e00000)
  to   space 1536K, 0% used [0x00000000d6e80000,0x00000000d6e80000,0x00000000d7000000)
 ParOldGen       total 68608K, used 20668K [0x0000000080000000, 0x0000000084300000, 0x00000000d5580000)
  object space 68608K, 30% used [0x0000000080000000,0x000000008142f2d8,0x0000000084300000)
 Metaspace       used 39628K, committed 40704K, reserved 1114112K
  class space    used 4278K, committed 4736K, reserved 1048576K
}
Event: 98.773 GC heap before
{Heap before GC invocations=18 (full 2):
 PSYoungGen      total 24576K, used 22848K [0x00000000d5580000, 0x00000000d7000000, 0x0000000100000000)
  eden space 22016K, 100% used [0x00000000d5580000,0x00000000d6b00000,0x00000000d6b00000)
  from space 2560K, 32% used [0x00000000d6b80000,0x00000000d6c50000,0x00000000d6e00000)
  to   space 1536K, 0% used [0x00000000d6e80000,0x00000000d6e80000,0x00000000d7000000)
 ParOldGen       total 68608K, used 20668K [0x0000000080000000, 0x0000000084300000, 0x00000000d5580000)
  object space 68608K, 30% used [0x0000000080000000,0x000000008142f2d8,0x0000000084300000)
 Metaspace       used 42093K, committed 43264K, reserved 1114112K
  class space    used 4599K, committed 5120K, reserved 1048576K
}
Event: 98.776 GC heap after
{Heap after GC invocations=18 (full 2):
 PSYoungGen      total 23552K, used 1072K [0x00000000d5580000, 0x00000000d7000000, 0x0000000100000000)
  eden space 22016K, 0% used [0x00000000d5580000,0x00000000d5580000,0x00000000d6b00000)
  from space 1536K, 69% used [0x00000000d6e80000,0x00000000d6f8c010,0x00000000d7000000)
  to   space 1536K, 0% used [0x00000000d6d00000,0x00000000d6d00000,0x00000000d6e80000)
 ParOldGen       total 68608K, used 21324K [0x0000000080000000, 0x0000000084300000, 0x00000000d5580000)
  object space 68608K, 31% used [0x0000000080000000,0x00000000814d32d8,0x0000000084300000)
 Metaspace       used 42093K, committed 43264K, reserved 1114112K
  class space    used 4599K, committed 5120K, reserved 1048576K
}
Event: 99.777 GC heap before
{Heap before GC invocations=19 (full 2):
 PSYoungGen      total 23552K, used 23088K [0x00000000d5580000, 0x00000000d7000000, 0x0000000100000000)
  eden space 22016K, 100% used [0x00000000d5580000,0x00000000d6b00000,0x00000000d6b00000)
  from space 1536K, 69% used [0x00000000d6e80000,0x00000000d6f8c010,0x00000000d7000000)
  to   space 1536K, 0% used [0x00000000d6d00000,0x00000000d6d00000,0x00000000d6e80000)
 ParOldGen       total 68608K, used 21324K [0x0000000080000000, 0x0000000084300000, 0x00000000d5580000)
  object space 68608K, 31% used [0x0000000080000000,0x00000000814d32d8,0x0000000084300000)
 Metaspace       used 43133K, committed 44288K, reserved 1114112K
  class space    used 4731K, committed 5248K, reserved 1048576K
}
Event: 99.786 GC heap after
{Heap after GC invocations=19 (full 2):
 PSYoungGen      total 23552K, used 1531K [0x00000000d5580000, 0x00000000d8100000, 0x0000000100000000)
  eden space 22016K, 0% used [0x00000000d5580000,0x00000000d5580000,0x00000000d6b00000)
  from space 1536K, 99% used [0x00000000d6d00000,0x00000000d6e7eca8,0x00000000d6e80000)
  to   space 11264K, 0% used [0x00000000d7600000,0x00000000d7600000,0x00000000d8100000)
 ParOldGen       total 68608K, used 29476K [0x0000000080000000, 0x0000000084300000, 0x00000000d5580000)
  object space 68608K, 42% used [0x0000000080000000,0x0000000081cc9388,0x0000000084300000)
 Metaspace       used 43133K, committed 44288K, reserved 1114112K
  class space    used 4731K, committed 5248K, reserved 1048576K
}
Event: 101.763 GC heap before
{Heap before GC invocations=20 (full 2):
 PSYoungGen      total 23552K, used 23527K [0x00000000d5580000, 0x00000000d8100000, 0x0000000100000000)
  eden space 22016K, 99% used [0x00000000d5580000,0x00000000d6afb1c0,0x00000000d6b00000)
  from space 1536K, 99% used [0x00000000d6d00000,0x00000000d6e7eca8,0x00000000d6e80000)
  to   space 11264K, 0% used [0x00000000d7600000,0x00000000d7600000,0x00000000d8100000)
 ParOldGen       total 68608K, used 29476K [0x0000000080000000, 0x0000000084300000, 0x00000000d5580000)
  object space 68608K, 42% used [0x0000000080000000,0x0000000081cc9388,0x0000000084300000)
 Metaspace       used 45401K, committed 46656K, reserved 1114112K
  class space    used 5067K, committed 5632K, reserved 1048576K
}
Event: 101.769 GC heap after
{Heap after GC invocations=20 (full 2):
 PSYoungGen      total 23040K, used 940K [0x00000000d5580000, 0x00000000d7700000, 0x0000000100000000)
  eden space 22016K, 0% used [0x00000000d5580000,0x00000000d5580000,0x00000000d6b00000)
  from space 1024K, 91% used [0x00000000d7600000,0x00000000d76eb260,0x00000000d7700000)
  to   space 4096K, 0% used [0x00000000d6f00000,0x00000000d6f00000,0x00000000d7300000)
 ParOldGen       total 68608K, used 30971K [0x0000000080000000, 0x0000000084300000, 0x00000000d5580000)
  object space 68608K, 45% used [0x0000000080000000,0x0000000081e3ef90,0x0000000084300000)
 Metaspace       used 45401K, committed 46656K, reserved 1114112K
  class space    used 5067K, committed 5632K, reserved 1048576K
}
Event: 103.261 GC heap before
{Heap before GC invocations=21 (full 2):
 PSYoungGen      total 23040K, used 22956K [0x00000000d5580000, 0x00000000d7700000, 0x0000000100000000)
  eden space 22016K, 100% used [0x00000000d5580000,0x00000000d6b00000,0x00000000d6b00000)
  from space 1024K, 91% used [0x00000000d7600000,0x00000000d76eb260,0x00000000d7700000)
  to   space 4096K, 0% used [0x00000000d6f00000,0x00000000d6f00000,0x00000000d7300000)
 ParOldGen       total 68608K, used 30971K [0x0000000080000000, 0x0000000084300000, 0x00000000d5580000)
  object space 68608K, 45% used [0x0000000080000000,0x0000000081e3ef90,0x0000000084300000)
 Metaspace       used 47169K, committed 48384K, reserved 1114112K
  class space    used 5345K, committed 5888K, reserved 1048576K
}
Event: 103.267 GC heap after
{Heap after GC invocations=21 (full 2):
 PSYoungGen      total 26112K, used 1088K [0x00000000d5580000, 0x00000000d7680000, 0x0000000100000000)
  eden space 22016K, 0% used [0x00000000d5580000,0x00000000d5580000,0x00000000d6b00000)
  from space 4096K, 26% used [0x00000000d6f00000,0x00000000d7010000,0x00000000d7300000)
  to   space 2048K, 0% used [0x00000000d7480000,0x00000000d7480000,0x00000000d7680000)
 ParOldGen       total 68608K, used 31759K [0x0000000080000000, 0x0000000084300000, 0x00000000d5580000)
  object space 68608K, 46% used [0x0000000080000000,0x0000000081f03ca0,0x0000000084300000)
 Metaspace       used 47169K, committed 48384K, reserved 1114112K
  class space    used 5345K, committed 5888K, reserved 1048576K
}
Event: 104.623 GC heap before
{Heap before GC invocations=22 (full 2):
 PSYoungGen      total 26112K, used 23104K [0x00000000d5580000, 0x00000000d7680000, 0x0000000100000000)
  eden space 22016K, 100% used [0x00000000d5580000,0x00000000d6b00000,0x00000000d6b00000)
  from space 4096K, 26% used [0x00000000d6f00000,0x00000000d7010000,0x00000000d7300000)
  to   space 2048K, 0% used [0x00000000d7480000,0x00000000d7480000,0x00000000d7680000)
 ParOldGen       total 68608K, used 31759K [0x0000000080000000, 0x0000000084300000, 0x00000000d5580000)
  object space 68608K, 46% used [0x0000000080000000,0x0000000081f03ca0,0x0000000084300000)
 Metaspace       used 48095K, committed 49280K, reserved 1114112K
  class space    used 5476K, committed 6016K, reserved 1048576K
}
Event: 104.627 GC heap after
{Heap after GC invocations=22 (full 2):
 PSYoungGen      total 23040K, used 722K [0x00000000d5580000, 0x00000000d7580000, 0x0000000100000000)
  eden space 22016K, 0% used [0x00000000d5580000,0x00000000d5580000,0x00000000d6b00000)
  from space 1024K, 70% used [0x00000000d7480000,0x00000000d7534b40,0x00000000d7580000)
  to   space 1024K, 0% used [0x00000000d7380000,0x00000000d7380000,0x00000000d7480000)
 ParOldGen       total 68608K, used 32771K [0x0000000080000000, 0x0000000084300000, 0x00000000d5580000)
  object space 68608K, 47% used [0x0000000080000000,0x0000000082000ce0,0x0000000084300000)
 Metaspace       used 48095K, committed 49280K, reserved 1114112K
  class space    used 5476K, committed 6016K, reserved 1048576K
}
Event: 106.124 GC heap before
{Heap before GC invocations=23 (full 2):
 PSYoungGen      total 23040K, used 22738K [0x00000000d5580000, 0x00000000d7580000, 0x0000000100000000)
  eden space 22016K, 100% used [0x00000000d5580000,0x00000000d6b00000,0x00000000d6b00000)
  from space 1024K, 70% used [0x00000000d7480000,0x00000000d7534b40,0x00000000d7580000)
  to   space 1024K, 0% used [0x00000000d7380000,0x00000000d7380000,0x00000000d7480000)
 ParOldGen       total 68608K, used 32771K [0x0000000080000000, 0x0000000084300000, 0x00000000d5580000)
  object space 68608K, 47% used [0x0000000080000000,0x0000000082000ce0,0x0000000084300000)
 Metaspace       used 48593K, committed 49792K, reserved 1114112K
  class space    used 5533K, committed 6080K, reserved 1048576K
}
Event: 106.130 GC heap after
{Heap after GC invocations=23 (full 2):
 PSYoungGen      total 23040K, used 800K [0x00000000d5580000, 0x00000000d7500000, 0x0000000100000000)
  eden space 22016K, 0% used [0x00000000d5580000,0x00000000d5580000,0x00000000d6b00000)
  from space 1024K, 78% used [0x00000000d7380000,0x00000000d7448000,0x00000000d7480000)
  to   space 512K, 0% used [0x00000000d7480000,0x00000000d7480000,0x00000000d7500000)
 ParOldGen       total 68608K, used 33378K [0x0000000080000000, 0x0000000084300000, 0x00000000d5580000)
  object space 68608K, 48% used [0x0000000080000000,0x0000000082098998,0x0000000084300000)
 Metaspace       used 48593K, committed 49792K, reserved 1114112K
  class space    used 5533K, committed 6080K, reserved 1048576K
}
Event: 107.966 GC heap before
{Heap before GC invocations=24 (full 2):
 PSYoungGen      total 23040K, used 22816K [0x00000000d5580000, 0x00000000d7500000, 0x0000000100000000)
  eden space 22016K, 100% used [0x00000000d5580000,0x00000000d6b00000,0x00000000d6b00000)
  from space 1024K, 78% used [0x00000000d7380000,0x00000000d7448000,0x00000000d7480000)
  to   space 512K, 0% used [0x00000000d7480000,0x00000000d7480000,0x00000000d7500000)
 ParOldGen       total 68608K, used 33378K [0x0000000080000000, 0x0000000084300000, 0x00000000d5580000)
  object space 68608K, 48% used [0x0000000080000000,0x0000000082098998,0x0000000084300000)
 Metaspace       used 49103K, committed 50304K, reserved 1114112K
  class space    used 5598K, committed 6144K, reserved 1048576K
}
Event: 107.969 GC heap after
{Heap after GC invocations=24 (full 2):
 PSYoungGen      total 22528K, used 507K [0x00000000d5580000, 0x00000000d7500000, 0x0000000100000000)
  eden space 22016K, 0% used [0x00000000d5580000,0x00000000d5580000,0x00000000d6b00000)
  from space 512K, 99% used [0x00000000d7480000,0x00000000d74fee98,0x00000000d7500000)
  to   space 2048K, 0% used [0x00000000d7100000,0x00000000d7100000,0x00000000d7300000)
 ParOldGen       total 68608K, used 34346K [0x0000000080000000, 0x0000000084300000, 0x00000000d5580000)
  object space 68608K, 50% used [0x0000000080000000,0x000000008218abb8,0x0000000084300000)
 Metaspace       used 49103K, committed 50304K, reserved 1114112K
  class space    used 5598K, committed 6144K, reserved 1048576K
}
Event: 109.323 GC heap before
{Heap before GC invocations=25 (full 2):
 PSYoungGen      total 22528K, used 22523K [0x00000000d5580000, 0x00000000d7500000, 0x0000000100000000)
  eden space 22016K, 100% used [0x00000000d5580000,0x00000000d6b00000,0x00000000d6b00000)
  from space 512K, 99% used [0x00000000d7480000,0x00000000d74fee98,0x00000000d7500000)
  to   space 2048K, 0% used [0x00000000d7100000,0x00000000d7100000,0x00000000d7300000)
 ParOldGen       total 68608K, used 34346K [0x0000000080000000, 0x0000000084300000, 0x00000000d5580000)
  object space 68608K, 50% used [0x0000000080000000,0x000000008218abb8,0x0000000084300000)
 Metaspace       used 49872K, committed 51072K, reserved 1114112K
  class space    used 5696K, committed 6208K, reserved 1048576K
}
Event: 109.328 GC heap after
{Heap after GC invocations=25 (full 2):
 PSYoungGen      total 24064K, used 2038K [0x00000000d5580000, 0x00000000d7600000, 0x0000000100000000)
  eden space 22016K, 0% used [0x00000000d5580000,0x00000000d5580000,0x00000000d6b00000)
  from space 2048K, 99% used [0x00000000d7100000,0x00000000d72fd838,0x00000000d7300000)
  to   space 3072K, 0% used [0x00000000d7300000,0x00000000d7300000,0x00000000d7600000)
 ParOldGen       total 68608K, used 37105K [0x0000000080000000, 0x0000000084300000, 0x00000000d5580000)
  object space 68608K, 54% used [0x0000000080000000,0x000000008243c518,0x0000000084300000)
 Metaspace       used 49872K, committed 51072K, reserved 1114112K
  class space    used 5696K, committed 6208K, reserved 1048576K
}
Event: 111.146 GC heap before
{Heap before GC invocations=26 (full 2):
 PSYoungGen      total 24064K, used 24031K [0x00000000d5580000, 0x00000000d7600000, 0x0000000100000000)
  eden space 22016K, 99% used [0x00000000d5580000,0x00000000d6afa740,0x00000000d6b00000)
  from space 2048K, 99% used [0x00000000d7100000,0x00000000d72fd838,0x00000000d7300000)
  to   space 3072K, 0% used [0x00000000d7300000,0x00000000d7300000,0x00000000d7600000)
 ParOldGen       total 68608K, used 37105K [0x0000000080000000, 0x0000000084300000, 0x00000000d5580000)
  object space 68608K, 54% used [0x0000000080000000,0x000000008243c518,0x0000000084300000)
 Metaspace       used 51449K, committed 52672K, reserved 1114112K
  class space    used 5940K, committed 6464K, reserved 1048576K
}
Event: 111.151 GC heap after
{Heap after GC invocations=26 (full 2):
 PSYoungGen      total 23040K, used 1005K [0x00000000d5580000, 0x00000000d7400000, 0x0000000100000000)
  eden space 22016K, 0% used [0x00000000d5580000,0x00000000d5580000,0x00000000d6b00000)
  from space 1024K, 98% used [0x00000000d7300000,0x00000000d73fb518,0x00000000d7400000)
  to   space 2560K, 0% used [0x00000000d6f00000,0x00000000d6f00000,0x00000000d7180000)
 ParOldGen       total 68608K, used 39118K [0x0000000080000000, 0x0000000084300000, 0x00000000d5580000)
  object space 68608K, 57% used [0x0000000080000000,0x0000000082633af8,0x0000000084300000)
 Metaspace       used 51449K, committed 52672K, reserved 1114112K
  class space    used 5940K, committed 6464K, reserved 1048576K
}

Dll operation events (20 events):
Event: 1.611 Attempting to load shared library c:\Users\ELLENT\.vscode\extensions\redhat.java-1.56.0-win32-x64\jre\21.0.12.1-win32-x86_64\bin\zip.dll
Event: 1.612 Loaded shared library c:\Users\ELLENT\.vscode\extensions\redhat.java-1.56.0-win32-x64\jre\21.0.12.1-win32-x86_64\bin\zip.dll
Event: 1.744 Attempting to load shared library C:\Users\ELLENT\.vscode\extensions\redhat.java-1.56.0-win32-x64\jre\21.0.12.1-win32-x86_64\bin\instrument.dll
Event: 1.744 Loaded shared library C:\Users\ELLENT\.vscode\extensions\redhat.java-1.56.0-win32-x64\jre\21.0.12.1-win32-x86_64\bin\instrument.dll
Event: 1.955 Attempting to load shared library C:\Users\ELLENT\.vscode\extensions\redhat.java-1.56.0-win32-x64\jre\21.0.12.1-win32-x86_64\bin\net.dll
Event: 1.959 Loaded shared library C:\Users\ELLENT\.vscode\extensions\redhat.java-1.56.0-win32-x64\jre\21.0.12.1-win32-x86_64\bin\net.dll
Event: 1.962 Attempting to load shared library C:\Users\ELLENT\.vscode\extensions\redhat.java-1.56.0-win32-x64\jre\21.0.12.1-win32-x86_64\bin\nio.dll
Event: 1.962 Loaded shared library C:\Users\ELLENT\.vscode\extensions\redhat.java-1.56.0-win32-x64\jre\21.0.12.1-win32-x86_64\bin\nio.dll
Event: 1.966 Attempting to load shared library C:\Users\ELLENT\.vscode\extensions\redhat.java-1.56.0-win32-x64\jre\21.0.12.1-win32-x86_64\bin\zip.dll
Event: 1.966 Loaded shared library C:\Users\ELLENT\.vscode\extensions\redhat.java-1.56.0-win32-x64\jre\21.0.12.1-win32-x86_64\bin\zip.dll
Event: 3.261 Attempting to load shared library C:\Users\ELLENT\.vscode\extensions\redhat.java-1.56.0-win32-x64\jre\21.0.12.1-win32-x86_64\bin\jimage.dll
Event: 3.261 Loaded shared library C:\Users\ELLENT\.vscode\extensions\redhat.java-1.56.0-win32-x64\jre\21.0.12.1-win32-x86_64\bin\jimage.dll
Event: 6.180 Attempting to load shared library c:\Users\ELLENT\.vscode\extensions\redhat.java-1.56.0-win32-x64\jre\21.0.12.1-win32-x86_64\bin\verify.dll
Event: 6.228 Loaded shared library c:\Users\ELLENT\.vscode\extensions\redhat.java-1.56.0-win32-x64\jre\21.0.12.1-win32-x86_64\bin\verify.dll
Event: 36.177 Attempting to load shared library C:\Users\ELLENT\AppData\Roaming\Code\User\globalStorage\redhat.java\1.56.0\config_win\org.eclipse.equinox.launcher\org.eclipse.equinox.launcher.win32.win32.x86_64_1.3.100.v20260804-1928\eclipse_11924.dll
Event: 36.248 Loaded shared library C:\Users\ELLENT\AppData\Roaming\Code\User\globalStorage\redhat.java\1.56.0\config_win\org.eclipse.equinox.launcher\org.eclipse.equinox.launcher.win32.win32.x86_64_1.3.100.v20260804-1928\eclipse_11924.dll
Event: 76.603 Attempting to load shared library C:\Users\ELLENT\AppData\Local\Temp\jna-2047931942\jna3550660434534561766.dll
Event: 77.051 Loaded shared library C:\Users\ELLENT\AppData\Local\Temp\jna-2047931942\jna3550660434534561766.dll
Event: 101.404 Attempting to load shared library C:\Users\ELLENT\.gradle\native\660c5614fbf4a5f2a75b1949f50a0caf5cd603558e7d8a26e50b933a0cfb79d1\windows-amd64\native-platform.dll
Event: 101.426 Loaded shared library C:\Users\ELLENT\.gradle\native\660c5614fbf4a5f2a75b1949f50a0caf5cd603558e7d8a26e50b933a0cfb79d1\windows-amd64\native-platform.dll

Deoptimization events (20 events):
Event: 110.828 Thread 0x00000277547aa370 Uncommon trap: trap_request=0xffffffde fr.pc=0x0000027707acbec8 relative=0x00000000000001a8
Event: 110.828 Thread 0x00000277547aa370 Uncommon trap: reason=class_check action=maybe_recompile pc=0x0000027707acbec8 method=java.lang.String.equals(Ljava/lang/Object;)Z @ 8 c2
Event: 110.828 Thread 0x00000277547aa370 DEOPT PACKING pc=0x0000027707acbec8 sp=0x00000078c7cfe220
Event: 110.828 Thread 0x00000277547aa370 DEOPT UNPACKING pc=0x0000027707583aa2 sp=0x00000078c7cfe1b8 mode 2
Event: 111.055 Thread 0x000002777ee8cf60 Uncommon trap: trap_request=0xffffff45 fr.pc=0x0000027707c06c00 relative=0x0000000000000360
Event: 111.055 Thread 0x000002777ee8cf60 Uncommon trap: reason=unstable_if action=reinterpret pc=0x0000027707c06c00 method=java.io.BufferedOutputStream.implWrite([BII)V @ 5 c2
Event: 111.055 Thread 0x000002777ee8cf60 DEOPT PACKING pc=0x0000027707c06c00 sp=0x00000078c75feec0
Event: 111.055 Thread 0x000002777ee8cf60 DEOPT UNPACKING pc=0x0000027707583aa2 sp=0x00000078c75fee10 mode 2
Event: 111.057 Thread 0x000002777ee8cf60 Uncommon trap: trap_request=0xffffff45 fr.pc=0x0000027707c07818 relative=0x00000000000001d8
Event: 111.057 Thread 0x000002777ee8cf60 Uncommon trap: reason=unstable_if action=reinterpret pc=0x0000027707c07818 method=java.io.BufferedOutputStream.implWrite([BII)V @ 5 c2
Event: 111.057 Thread 0x000002777ee8cf60 DEOPT PACKING pc=0x0000027707c07818 sp=0x00000078c75fee40
Event: 111.057 Thread 0x000002777ee8cf60 DEOPT UNPACKING pc=0x0000027707583aa2 sp=0x00000078c75fee08 mode 2
Event: 111.173 Thread 0x000002777ee8cf60 Uncommon trap: trap_request=0xffffffdc fr.pc=0x0000027707e65eec relative=0x00000000000002ac
Event: 111.173 Thread 0x000002777ee8cf60 Uncommon trap: reason=class_check action=make_not_entrant pc=0x0000027707e65eec method=java.util.ArrayList.toArray([Ljava/lang/Object;)[Ljava/lang/Object; @ 21 c2
Event: 111.173 Thread 0x000002777ee8cf60 DEOPT PACKING pc=0x0000027707e65eec sp=0x00000078c75fe2a0
Event: 111.173 Thread 0x000002777ee8cf60 DEOPT UNPACKING pc=0x0000027707583aa2 sp=0x00000078c75fe260 mode 2
Event: 111.233 Thread 0x00000277547aa370 Uncommon trap: trap_request=0xffffff45 fr.pc=0x0000027707de1824 relative=0x0000000000000084
Event: 111.233 Thread 0x00000277547aa370 Uncommon trap: reason=unstable_if action=reinterpret pc=0x0000027707de1824 method=java.lang.invoke.DirectMethodHandle.ftypeKind(Ljava/lang/Class;)I @ 28 c2
Event: 111.234 Thread 0x00000277547aa370 DEOPT PACKING pc=0x0000027707de1824 sp=0x00000078c7cfdb50
Event: 111.234 Thread 0x00000277547aa370 DEOPT UNPACKING pc=0x0000027707583aa2 sp=0x00000078c7cfdad8 mode 2

Classes loaded (20 events):
Event: 111.825 Loading class java/util/concurrent/Executors$DelegatedExecutorService done
Event: 111.825 Loading class java/util/concurrent/Executors$DelegatedScheduledExecutorService done
Event: 111.856 Loading class java/util/concurrent/CompletionException
Event: 111.856 Loading class java/util/concurrent/CompletionException done
Event: 111.872 Loading class java/nio/file/FileVisitOption
Event: 111.872 Loading class java/nio/file/FileVisitOption done
Event: 111.875 Loading class java/nio/file/SimpleFileVisitor
Event: 111.876 Loading class java/nio/file/SimpleFileVisitor done
Event: 111.876 Loading class java/nio/file/FileTreeWalker
Event: 111.876 Loading class java/nio/file/FileTreeWalker done
Event: 111.876 Loading class java/nio/file/FileTreeWalker$1
Event: 111.876 Loading class java/nio/file/FileTreeWalker$1 done
Event: 111.878 Loading class java/nio/file/FileTreeWalker$Event
Event: 111.878 Loading class java/nio/file/FileTreeWalker$Event done
Event: 111.878 Loading class java/nio/file/FileTreeWalker$EventType
Event: 111.878 Loading class java/nio/file/FileTreeWalker$EventType done
Event: 111.879 Loading class java/nio/file/Files$3
Event: 111.879 Loading class java/nio/file/Files$3 done
Event: 111.879 Loading class java/nio/file/FileSystemLoopException
Event: 111.879 Loading class java/nio/file/FileSystemLoopException done

Classes unloaded (7 events):
Event: 87.117 Thread 0x0000027776016100 Unloading class 0x00000277101a5000 'java/lang/invoke/LambdaForm$MH+0x00000277101a5000'
Event: 87.117 Thread 0x0000027776016100 Unloading class 0x00000277101a4c00 'java/lang/invoke/LambdaForm$MH+0x00000277101a4c00'
Event: 87.117 Thread 0x0000027776016100 Unloading class 0x00000277101a4800 'java/lang/invoke/LambdaForm$MH+0x00000277101a4800'
Event: 87.117 Thread 0x0000027776016100 Unloading class 0x00000277101a4400 'java/lang/invoke/LambdaForm$MH+0x00000277101a4400'
Event: 87.117 Thread 0x0000027776016100 Unloading class 0x00000277101a4000 'java/lang/invoke/LambdaForm$BMH+0x00000277101a4000'
Event: 87.117 Thread 0x0000027776016100 Unloading class 0x00000277101a3c00 'java/lang/invoke/LambdaForm$DMH+0x00000277101a3c00'
Event: 87.117 Thread 0x0000027776016100 Unloading class 0x00000277101a2800 'java/lang/invoke/LambdaForm$DMH+0x00000277101a2800'

Classes redefined (0 events):
No events

Internal exceptions (20 events):
Event: 108.030 Thread 0x000002777ee8dc80 Exception <a 'sun/nio/fs/WindowsException'{0x00000000d5abd058}> (0x00000000d5abd058) 
thrown [s\src\hotspot\share\prims\jni.cpp, line 520]
Event: 108.036 Thread 0x000002777ee8dc80 Exception <a 'sun/nio/fs/WindowsException'{0x00000000d5afa570}> (0x00000000d5afa570) 
thrown [s\src\hotspot\share\prims\jni.cpp, line 520]
Event: 108.037 Thread 0x000002777ee8dc80 Exception <a 'sun/nio/fs/WindowsException'{0x00000000d5afae10}> (0x00000000d5afae10) 
thrown [s\src\hotspot\share\prims\jni.cpp, line 520]
Event: 108.039 Thread 0x000002777ee8dc80 Exception <a 'java/lang/NoSuchMethodError'{0x00000000d5b106c8}: 'void java.lang.invoke.DirectMethodHandle$Holder.invokeVirtual(java.lang.Object, java.lang.Object, java.lang.Object, java.lang.Object)'> (0x00000000d5b106c8) 
thrown [s\src\hotspot\share\interpreter\linkResolver.cpp, line 773]
Event: 109.110 Thread 0x000002777ee8dc80 Exception <a 'sun/nio/fs/WindowsException'{0x00000000d68234c8}> (0x00000000d68234c8) 
thrown [s\src\hotspot\share\prims\jni.cpp, line 520]
Event: 109.110 Thread 0x000002777ee8dc80 Exception <a 'sun/nio/fs/WindowsException'{0x00000000d6823af8}> (0x00000000d6823af8) 
thrown [s\src\hotspot\share\prims\jni.cpp, line 520]
Event: 109.123 Thread 0x000002777ee8dc80 Exception <a 'sun/nio/fs/WindowsException'{0x00000000d68b1930}> (0x00000000d68b1930) 
thrown [s\src\hotspot\share\prims\jni.cpp, line 520]
Event: 109.123 Thread 0x000002777ee8dc80 Exception <a 'sun/nio/fs/WindowsException'{0x00000000d68b1f60}> (0x00000000d68b1f60) 
thrown [s\src\hotspot\share\prims\jni.cpp, line 520]
Event: 109.499 Thread 0x000002777ee8dc80 Exception <a 'java/io/FileNotFoundException'{0x00000000d5845ec0}> (0x00000000d5845ec0) 
thrown [s\src\hotspot\share\prims\jni.cpp, line 520]
Event: 109.500 Thread 0x000002777ee8dc80 Exception <a 'java/io/FileNotFoundException'{0x00000000d5847490}> (0x00000000d5847490) 
thrown [s\src\hotspot\share\prims\jni.cpp, line 520]
Event: 109.526 Thread 0x000002777ee8dc80 Exception <a 'java/lang/NoSuchMethodError'{0x00000000d58553b8}: 'java.lang.Object java.lang.invoke.DirectMethodHandle$Holder.newInvokeSpecial(java.lang.Object, java.lang.Object, java.lang.Object, int)'> (0x00000000d58553b8) 
thrown [s\src\hotspot\share\interpreter\linkResolver.cpp, line 773]
Event: 109.526 Thread 0x000002777ee8dc80 Exception <a 'java/lang/NoSuchMethodError'{0x00000000d5859338}: 'java.lang.Object java.lang.invoke.DirectMethodHandle$Holder.invokeSpecial(java.lang.Object, java.lang.Object, java.lang.Object, java.lang.Object, int)'> (0x00000000d5859338) 
thrown [s\src\hotspot\share\interpreter\linkResolver.cpp, line 773]
Event: 109.631 Thread 0x000002777ee8dc80 Exception <a 'java/lang/NoSuchMethodError'{0x00000000d585c7d0}: 'java.lang.Object java.lang.invoke.Invokers$Holder.linkToTargetMethod(java.lang.Object, java.lang.Object, int, java.lang.Object)'> (0x00000000d585c7d0) 
thrown [s\src\hotspot\share\interpreter\linkResolver.cpp, line 773]
Event: 111.050 Thread 0x000002777ee8cf60 Exception <a 'java/lang/NoSuchMethodError'{0x00000000d68c83c0}: 'int java.lang.invoke.DirectMethodHandle$Holder.invokeSpecialIFC(java.lang.Object, java.lang.Object, java.lang.Object, java.lang.Object)'> (0x00000000d68c83c0) 
thrown [s\src\hotspot\share\interpreter\linkResolver.cpp, line 773]
Event: 111.275 Thread 0x00000277547aa370 Exception <a 'java/lang/IncompatibleClassChangeError'{0x00000000d589f008}: Found class java.lang.Object, but interface was expected> (0x00000000d589f008) 
thrown [s\src\hotspot\share\interpreter\linkResolver.cpp, line 840]
Event: 111.300 Thread 0x000002777ee8cf60 Exception <a 'java/lang/NoSuchMethodError'{0x00000000d595a750}: 'int java.lang.invoke.DirectMethodHandle$Holder.invokeInterface(java.lang.Object, java.lang.Object)'> (0x00000000d595a750) 
thrown [s\src\hotspot\share\interpreter\linkResolver.cpp, line 773]
Event: 111.300 Thread 0x000002777ee8cf60 Exception <a 'java/lang/IncompatibleClassChangeError'{0x00000000d595d770}: Found class java.lang.Object, but interface was expected> (0x00000000d595d770) 
thrown [s\src\hotspot\share\interpreter\linkResolver.cpp, line 840]
Event: 111.455 Thread 0x00000277547a9650 Exception <a 'java/lang/NoSuchMethodError'{0x00000000d5990028}: 'java.lang.Object java.lang.invoke.DirectMethodHandle$Holder.invokeVirtual(java.lang.Object, java.lang.Object, java.lang.Object, java.lang.Object, java.lang.Object, java.lang.Object)'> (0x00000000d5990028) 
thrown [s\src\hotspot\share\interpreter\linkResolver.cpp, line 773]
Event: 111.863 Thread 0x000002777ee8cf60 Exception <a 'java/lang/NoSuchMethodError'{0x00000000d5d52668}: method resolution failed> (0x00000000d5d52668) 
thrown [s\src\hotspot\share\prims\methodHandles.cpp, line 1136]
Event: 111.877 Thread 0x000002777ee8cf60 Exception <a 'sun/nio/fs/WindowsException'{0x00000000d5d84ec0}> (0x00000000d5d84ec0) 
thrown [s\src\hotspot\share\prims\jni.cpp, line 520]

ZGC Phase Switch (0 events):
No events

VM Operations (20 events):
Event: 106.122 Executing safepoint VM operation: ParallelGCFailedAllocation (Allocation Failure)
Event: 106.130 Executing safepoint VM operation: ParallelGCFailedAllocation (Allocation Failure) done
Event: 107.132 Executing safepoint VM operation: Cleanup
Event: 107.161 Executing safepoint VM operation: Cleanup done
Event: 107.936 Executing safepoint VM operation: ParallelGCFailedAllocation (Allocation Failure)
Event: 107.969 Executing safepoint VM operation: ParallelGCFailedAllocation (Allocation Failure) done
Event: 108.973 Executing safepoint VM operation: Cleanup
Event: 109.029 Executing safepoint VM operation: Cleanup done
Event: 109.275 Executing safepoint VM operation: ParallelGCFailedAllocation (Allocation Failure)
Event: 109.328 Executing safepoint VM operation: ParallelGCFailedAllocation (Allocation Failure) done
Event: 110.007 Executing non-safepoint VM operation: HandshakeAllThreads (Deoptimize)
Event: 110.007 Executing non-safepoint VM operation: HandshakeAllThreads (Deoptimize) done
Event: 111.010 Executing safepoint VM operation: Cleanup
Event: 111.016 Executing safepoint VM operation: Cleanup done
Event: 111.064 Executing non-safepoint VM operation: HandshakeAllThreads (Deoptimize)
Event: 111.064 Executing non-safepoint VM operation: HandshakeAllThreads (Deoptimize) done
Event: 111.131 Executing safepoint VM operation: ParallelGCFailedAllocation (Allocation Failure)
Event: 111.151 Executing safepoint VM operation: ParallelGCFailedAllocation (Allocation Failure) done
Event: 111.187 Executing non-safepoint VM operation: HandshakeAllThreads (Deoptimize)
Event: 111.193 Executing non-safepoint VM operation: HandshakeAllThreads (Deoptimize) done

Memory protections (0 events):
No events

Nmethod flushes (20 events):
Event: 96.059 Thread 0x0000027776016100 flushing  nmethod 0x00000277006c7810
Event: 96.059 Thread 0x0000027776016100 flushing  nmethod 0x00000277006c8110
Event: 96.059 Thread 0x0000027776016100 flushing  nmethod 0x00000277006ca390
Event: 96.059 Thread 0x0000027776016100 flushing  nmethod 0x00000277006cb790
Event: 96.059 Thread 0x0000027776016100 flushing  nmethod 0x00000277006cd490
Event: 96.059 Thread 0x0000027776016100 flushing  nmethod 0x00000277006cd990
Event: 96.059 Thread 0x0000027776016100 flushing  nmethod 0x00000277006ce290
Event: 96.059 Thread 0x0000027776016100 flushing  nmethod 0x00000277006cee10
Event: 96.059 Thread 0x0000027776016100 flushing  nmethod 0x00000277006cf290
Event: 96.059 Thread 0x0000027776016100 flushing  nmethod 0x00000277006d1090
Event: 96.059 Thread 0x0000027776016100 flushing  nmethod 0x00000277006dbf10
Event: 96.059 Thread 0x0000027776016100 flushing  nmethod 0x000002770072ff90
Event: 96.059 Thread 0x0000027776016100 flushing  nmethod 0x0000027700736410
Event: 96.059 Thread 0x0000027776016100 flushing  nmethod 0x0000027700740910
Event: 96.059 Thread 0x0000027776016100 flushing  nmethod 0x0000027700740e10
Event: 96.059 Thread 0x0000027776016100 flushing  nmethod 0x000002770077c790
Event: 96.059 Thread 0x0000027776016100 flushing  nmethod 0x000002770077ef10
Event: 96.059 Thread 0x0000027776016100 flushing  nmethod 0x00000277007a1910
Event: 96.059 Thread 0x0000027776016100 flushing  nmethod 0x00000277007a3090
Event: 96.059 Thread 0x0000027776016100 flushing  nmethod 0x00000277007c5390

Events (20 events):
Event: 36.936 Thread 0x0000027773d4e330 Thread added: 0x000002777e1d6650
Event: 45.755 Thread 0x000002777e1d6650 Thread added: 0x000002777e7c68a0
Event: 50.301 Thread 0x000002777e1d6650 Thread added: 0x000002777e601550
Event: 62.973 Thread 0x000002777e1d6650 Thread added: 0x000002777e2d7a10
Event: 77.253 Thread 0x000002777e1d6650 Thread added: 0x000002777ee8d5f0
Event: 78.288 Thread 0x000002777e1d6650 Thread added: 0x000002777ee8e9a0
Event: 79.328 Thread 0x000002777e1d6650 Thread added: 0x000002777ee8f6c0
Event: 87.862 Thread 0x000002777ee8f6c0 Thread added: 0x000002777ee8c240
Event: 88.924 Thread 0x000002777ee8f6c0 Thread added: 0x000002777ee8dc80
Event: 90.569 Thread 0x000002777e1d6650 Thread added: 0x000002777ee8c8d0
Event: 95.910 Thread 0x000002777ee8f6c0 Thread added: 0x000002777ee8cf60
Event: 96.299 Thread 0x000002777ee8cf60 Thread added: 0x00000277547a8930
Event: 96.801 Thread 0x0000027773d4e330 Thread added: 0x00000277547a82a0
Event: 97.249 Thread 0x00000277547a8930 Thread added: 0x00000277547a8fc0
Event: 97.280 Thread 0x00000277547a8930 Thread added: 0x00000277547a7580
Event: 97.968 Thread 0x00000277547a8930 Thread added: 0x00000277547a9650
Event: 98.083 Thread 0x0000027773d4e330 Thread added: 0x00000277547a9ce0
Event: 98.083 Thread 0x0000027773d4e330 Thread added: 0x00000277547aa370
Event: 109.846 Thread 0x000002777ee8dc80 Thread added: 0x00000277547a6ef0
Event: 111.825 Thread 0x000002777ee8cf60 Thread added: 0x00000277547aaa00


Dynamic libraries:
0x00007ff78a400000 - 0x00007ff78a40e000 	c:\Users\ELLENT\.vscode\extensions\redhat.java-1.56.0-win32-x64\jre\21.0.12.1-win32-x86_64\bin\java.exe
0x00007ffeded20000 - 0x00007ffedef86000 	C:\WINDOWS\SYSTEM32\ntdll.dll
0x00007ffedce20000 - 0x00007ffedcee9000 	C:\WINDOWS\System32\KERNEL32.DLL
0x00007ffedbf30000 - 0x00007ffedc32f000 	C:\WINDOWS\System32\KERNELBASE.dll
0x00007ffed8940000 - 0x00007ffed89df000 	C:\WINDOWS\SYSTEM32\apphelp.dll
0x00007ffedc340000 - 0x00007ffedc48c000 	C:\WINDOWS\System32\ucrtbase.dll
0x00007ffebd230000 - 0x00007ffebd248000 	c:\Users\ELLENT\.vscode\extensions\redhat.java-1.56.0-win32-x64\jre\21.0.12.1-win32-x86_64\bin\jli.dll
0x00007ffedcbe0000 - 0x00007ffedcda6000 	C:\WINDOWS\System32\USER32.dll
0x00007ffedc8b0000 - 0x00007ffedc8d7000 	C:\WINDOWS\System32\win32u.dll
0x00007ffedcef0000 - 0x00007ffedcf1b000 	C:\WINDOWS\System32\GDI32.dll
0x00007ffedc780000 - 0x00007ffedc8a9000 	C:\WINDOWS\System32\gdi32full.dll
0x00007ffedc9a0000 - 0x00007ffedca43000 	C:\WINDOWS\System32\msvcp_win.dll
0x00007ffebd250000 - 0x00007ffebd26e000 	c:\Users\ELLENT\.vscode\extensions\redhat.java-1.56.0-win32-x64\jre\21.0.12.1-win32-x86_64\bin\VCRUNTIME140.dll
0x00007ffec9380000 - 0x00007ffec9611000 	C:\WINDOWS\WinSxS\amd64_microsoft.windows.common-controls_6595b64144ccf1df_6.0.26100.8972_none_3e0da176e32f9d4b\COMCTL32.dll
0x00007ffedeb10000 - 0x00007ffedebb9000 	C:\WINDOWS\System32\msvcrt.dll
0x00007ffedead0000 - 0x00007ffedeb02000 	C:\WINDOWS\System32\IMM32.DLL
0x00007ffed1360000 - 0x00007ffed136c000 	c:\Users\ELLENT\.vscode\extensions\redhat.java-1.56.0-win32-x64\jre\21.0.12.1-win32-x86_64\bin\vcruntime140_1.dll
0x00007ffeae040000 - 0x00007ffeae0cd000 	c:\Users\ELLENT\.vscode\extensions\redhat.java-1.56.0-win32-x64\jre\21.0.12.1-win32-x86_64\bin\msvcp140.dll
0x00007ffe2f400000 - 0x00007ffe301a2000 	c:\Users\ELLENT\.vscode\extensions\redhat.java-1.56.0-win32-x64\jre\21.0.12.1-win32-x86_64\bin\server\jvm.dll
0x00007ffeddad0000 - 0x00007ffeddb8c000 	C:\WINDOWS\System32\ADVAPI32.dll
0x00007ffedebd0000 - 0x00007ffedec7a000 	C:\WINDOWS\System32\sechost.dll
0x00007ffedd0d0000 - 0x00007ffedd1e8000 	C:\WINDOWS\System32\RPCRT4.dll
0x00007ffede8a0000 - 0x00007ffede922000 	C:\WINDOWS\System32\WS2_32.dll
0x00007ffedbd90000 - 0x00007ffedbdee000 	C:\WINDOWS\SYSTEM32\POWRPROF.dll
0x00007ffed2a50000 - 0x00007ffed2a86000 	C:\WINDOWS\SYSTEM32\WINMM.dll
0x00007ffece630000 - 0x00007ffece63b000 	C:\WINDOWS\SYSTEM32\VERSION.dll
0x00007ffedbd70000 - 0x00007ffedbd85000 	C:\WINDOWS\SYSTEM32\UMPDC.dll
0x00007ffedabc0000 - 0x00007ffedabdb000 	C:\WINDOWS\SYSTEM32\kernel.appcore.dll
0x00007ffecf2c0000 - 0x00007ffecf2ca000 	c:\Users\ELLENT\.vscode\extensions\redhat.java-1.56.0-win32-x64\jre\21.0.12.1-win32-x86_64\bin\jimage.dll
0x00007ffed9590000 - 0x00007ffed97d2000 	C:\WINDOWS\SYSTEM32\DBGHELP.DLL
0x00007ffedd1f0000 - 0x00007ffedd575000 	C:\WINDOWS\System32\combase.dll
0x00007ffedd810000 - 0x00007ffedd8e9000 	C:\WINDOWS\System32\OLEAUT32.dll
0x00007ffeb8390000 - 0x00007ffeb83cb000 	C:\WINDOWS\SYSTEM32\dbgcore.DLL
0x00007ffedc8e0000 - 0x00007ffedc98c000 	C:\WINDOWS\System32\bcryptPrimitives.dll
0x00007ffed66b0000 - 0x00007ffed66bf000 	c:\Users\ELLENT\.vscode\extensions\redhat.java-1.56.0-win32-x64\jre\21.0.12.1-win32-x86_64\bin\instrument.dll
0x00007ffebd210000 - 0x00007ffebd230000 	c:\Users\ELLENT\.vscode\extensions\redhat.java-1.56.0-win32-x64\jre\21.0.12.1-win32-x86_64\bin\java.dll
0x00007ffede110000 - 0x00007ffede898000 	C:\WINDOWS\System32\SHELL32.dll
0x00007ffed99e0000 - 0x00007ffeda27b000 	C:\WINDOWS\SYSTEM32\windows.storage.dll
0x00007ffedcf20000 - 0x00007ffedd019000 	C:\WINDOWS\System32\SHCORE.dll
0x00007ffedcdb0000 - 0x00007ffedce16000 	C:\WINDOWS\System32\shlwapi.dll
0x00007ffedbe50000 - 0x00007ffedbe79000 	C:\WINDOWS\SYSTEM32\profapi.dll
0x00007ffebd170000 - 0x00007ffebd188000 	c:\Users\ELLENT\.vscode\extensions\redhat.java-1.56.0-win32-x64\jre\21.0.12.1-win32-x86_64\bin\zip.dll
0x00007ffecb140000 - 0x00007ffecb150000 	C:\Users\ELLENT\.vscode\extensions\redhat.java-1.56.0-win32-x64\jre\21.0.12.1-win32-x86_64\bin\net.dll
0x00007ffed1670000 - 0x00007ffed1798000 	C:\WINDOWS\SYSTEM32\WINHTTP.dll
0x00007ffedb1d0000 - 0x00007ffedb23c000 	C:\WINDOWS\system32\mswsock.dll
0x00007ffeb9030000 - 0x00007ffeb9046000 	C:\Users\ELLENT\.vscode\extensions\redhat.java-1.56.0-win32-x64\jre\21.0.12.1-win32-x86_64\bin\nio.dll
0x00007ffed66a0000 - 0x00007ffed66b0000 	c:\Users\ELLENT\.vscode\extensions\redhat.java-1.56.0-win32-x64\jre\21.0.12.1-win32-x86_64\bin\verify.dll
0x00007ffec21b0000 - 0x00007ffec21f5000 	C:\Users\ELLENT\AppData\Roaming\Code\User\globalStorage\redhat.java\1.56.0\config_win\org.eclipse.equinox.launcher\org.eclipse.equinox.launcher.win32.win32.x86_64_1.3.100.v20260804-1928\eclipse_11924.dll
0x00007ffede930000 - 0x00007ffedeac9000 	C:\WINDOWS\System32\ole32.dll
0x00007ffedb4c0000 - 0x00007ffedb4db000 	C:\WINDOWS\SYSTEM32\CRYPTSP.dll
0x00007ffedab80000 - 0x00007ffedabb9000 	C:\WINDOWS\system32\rsaenh.dll
0x00007ffedb280000 - 0x00007ffedb2b2000 	C:\WINDOWS\SYSTEM32\USERENV.dll
0x00007ffedbe20000 - 0x00007ffedbe4a000 	C:\WINDOWS\SYSTEM32\bcrypt.dll
0x00007ffedb4e0000 - 0x00007ffedb4ec000 	C:\WINDOWS\SYSTEM32\CRYPTBASE.dll
0x00007ffeda5d0000 - 0x00007ffeda603000 	C:\WINDOWS\SYSTEM32\IPHLPAPI.DLL
0x00007ffedcbd0000 - 0x00007ffedcbda000 	C:\WINDOWS\System32\NSI.dll
0x00007ffea8430000 - 0x00007ffea8479000 	C:\Users\ELLENT\AppData\Local\Temp\jna-2047931942\jna3550660434534561766.dll
0x00007ffedcbc0000 - 0x00007ffedcbc8000 	C:\WINDOWS\System32\PSAPI.DLL
0x00007ffed2010000 - 0x00007ffed202d000 	C:\WINDOWS\SYSTEM32\dhcpcsvc6.DLL
0x00007ffed1fe0000 - 0x00007ffed2005000 	C:\WINDOWS\SYSTEM32\dhcpcsvc.DLL
0x00007ffecc0c0000 - 0x00007ffecc0e7000 	C:\Users\ELLENT\.gradle\native\660c5614fbf4a5f2a75b1949f50a0caf5cd603558e7d8a26e50b933a0cfb79d1\windows-amd64\native-platform.dll

JVMTI agents:
c:\Users\ELLENT\.vscode\extensions\redhat.java-1.56.0-win32-x64\lombok\lombok-1.18.39-4050.jar path:c:\Users\ELLENT\.vscode\extensions\redhat.java-1.56.0-win32-x64\jre\21.0.12.1-win32-x86_64\bin\instrument.dll, loaded, initialized, instrumentlib options:none

dbghelp: loaded successfully - version: 4.0.5 - missing functions: none
symbol engine: initialized successfully - sym options: 0x614 - pdb path: .;c:\Users\ELLENT\.vscode\extensions\redhat.java-1.56.0-win32-x64\jre\21.0.12.1-win32-x86_64\bin;C:\WINDOWS\SYSTEM32;C:\WINDOWS\WinSxS\amd64_microsoft.windows.common-controls_6595b64144ccf1df_6.0.26100.8972_none_3e0da176e32f9d4b;c:\Users\ELLENT\.vscode\extensions\redhat.java-1.56.0-win32-x64\jre\21.0.12.1-win32-x86_64\bin\server;C:\Users\ELLENT\AppData\Roaming\Code\User\globalStorage\redhat.java\1.56.0\config_win\org.eclipse.equinox.launcher\org.eclipse.equinox.launcher.win32.win32.x86_64_1.3.100.v20260804-1928;C:\Users\ELLENT\AppData\Local\Temp\jna-2047931942;C:\Users\ELLENT\.gradle\native\660c5614fbf4a5f2a75b1949f50a0caf5cd603558e7d8a26e50b933a0cfb79d1\windows-amd64

VM Arguments:
jvm_args: --add-modules=ALL-SYSTEM --add-opens=java.base/java.util=ALL-UNNAMED --add-opens=java.base/java.lang=ALL-UNNAMED --add-opens=java.base/sun.nio.fs=ALL-UNNAMED -Declipse.application=org.eclipse.jdt.ls.core.id1 -Dosgi.bundles.defaultStartLevel=4 -Declipse.product=org.eclipse.jdt.ls.core.product -Djava.import.generatesMetadataFilesAtProjectRoot=false -Dm2e.project.cache.size=50 -DDetectVMInstallationsJob.disabled=true -Dfile.encoding=utf8 -XX:+UseParallelGC -XX:GCTimeRatio=4 -XX:AdaptiveSizePolicyWeight=90 -Dsun.zip.disableMemoryMapping=true -Xmx2G -Xms100m -Xlog:disable -javaagent:c:\Users\ELLENT\.vscode\extensions\redhat.java-1.56.0-win32-x64\lombok\lombok-1.18.39-4050.jar -XX:+HeapDumpOnOutOfMemoryError -XX:HeapDumpPath=c:\Users\ELLENT\AppData\Roaming\Code\User\workspaceStorage\38e88b3097eb7eaa0581c3530d001930\redhat.java -Daether.dependencyCollector.impl=bf 
java_command: c:\Users\ELLENT\.vscode\extensions\redhat.java-1.56.0-win32-x64\server\plugins\org.eclipse.equinox.launcher_1.8.0.v20260804-1928.jar -configuration c:\Users\ELLENT\AppData\Roaming\Code\User\globalStorage\redhat.java\1.56.0\config_win -data c:\Users\ELLENT\AppData\Roaming\Code\User\workspaceStorage\38e88b3097eb7eaa0581c3530d001930\redhat.java\jdt_ws --stdio
java_class_path (initial): c:\Users\ELLENT\.vscode\extensions\redhat.java-1.56.0-win32-x64\server\plugins\org.eclipse.equinox.launcher_1.8.0.v20260804-1928.jar
Launcher Type: SUN_STANDARD

[Global flags]
    uintx AdaptiveSizePolicyWeight                 = 90                                        {product} {command line}
     intx CICompilerCount                          = 2                                         {product} {ergonomic}
    uintx GCTimeRatio                              = 4                                         {product} {command line}
     bool HeapDumpOnOutOfMemoryError               = true                                   {manageable} {command line}
    ccstr HeapDumpPath                             = c:\Users\ELLENT\AppData\Roaming\Code\User\workspaceStorage\38e88b3097eb7eaa0581c3530d001930\redhat.java         {manageable} {command line}
   size_t InitialHeapSize                          = 104857600                                 {product} {command line}
   size_t MaxHeapSize                              = 2147483648                                {product} {command line}
   size_t MaxNewSize                               = 715653120                                 {product} {ergonomic}
   size_t MinHeapDeltaBytes                        = 524288                                    {product} {ergonomic}
   size_t MinHeapSize                              = 104857600                                 {product} {command line}
   size_t NewSize                                  = 34603008                                  {product} {ergonomic}
    uintx NonNMethodCodeHeapSize                   = 5826188                                {pd product} {ergonomic}
    uintx NonProfiledCodeHeapSize                  = 122916026                              {pd product} {ergonomic}
   size_t OldSize                                  = 70254592                                  {product} {ergonomic}
    uintx ProfiledCodeHeapSize                     = 122916026                              {pd product} {ergonomic}
    uintx ReservedCodeCacheSize                    = 251658240                              {pd product} {ergonomic}
     bool SegmentedCodeCache                       = true                                      {product} {ergonomic}
   size_t SoftMaxHeapSize                          = 2147483648                             {manageable} {ergonomic}
     bool UseCompressedOops                        = true                           {product lp64_product} {ergonomic}
     bool UseLargePagesIndividualAllocation        = false                                  {pd product} {ergonomic}
     bool UseParallelGC                            = true                                      {product} {command line}

Logging:
Log output configuration:
 #0: stdout all=off uptime,level,tags foldmultilines=false
 #1: stderr all=off uptime,level,tags foldmultilines=false

Release file:
JAVA_VERSION="21.0.12.1" 
MODULES="java.base java.compiler java.datatransfer java.xml java.prefs java.desktop java.instrument java.logging java.management java.security.sasl java.naming java.rmi java.management.rmi java.net.http java.scripting java.security.jgss java.transaction.xa java.sql java.sql.rowset java.xml.crypto java.se java.smartcardio jdk.accessibility jdk.internal.jvmstat jdk.attach jdk.charsets jdk.internal.opt jdk.zipfs jdk.compiler jdk.crypto.ec jdk.crypto.cryptoki jdk.crypto.mscapi jdk.dynalink jdk.internal.ed jdk.editpad jdk.hotspot.agent jdk.httpserver jdk.internal.le jdk.internal.vm.ci jdk.internal.vm.compiler jdk.internal.vm.compiler.management jdk.jartool jdk.javadoc jdk.jcmd jdk.management jdk.management.agent jdk.jconsole jdk.jdeps jdk.jdwp.agent jdk.jdi jdk.jfr jdk.jshell jdk.jsobject jdk.jstatd jdk.localedata jdk.management.jfr jdk.naming.dns jdk.naming.rmi jdk.net jdk.nio.mapmode jdk.random jdk.sctp jdk.security.auth jdk.security.jgss jdk.unsupported jdk.unsupported.desktop jdk.xml.dom" 

Environment Variables:
PATH=E:\Kuliah\Installer\flutter\bin;C:\Program Files\Common Files\Oracle\Java\javapath;C:\WINDOWS\system32;C:\WINDOWS;C:\WINDOWS\System32\Wbem;C:\WINDOWS\System32\WindowsPowerShell\v1.0\;C:\WINDOWS\System32\OpenSSH\;C:\ProgramData\ComposerSetup\bin;C:\laragon\bin\php\php-8.3.29-vs16;C:\Program Files\Git\cmd;C:\Program Files\nodejs\;E:\Kuliah\Installer\flutter\bin;C:\laragon\bin;C:\laragon\bin\apache\httpd-2.4.65-VS17\bin;C:\laragon\bin\composer;C:\laragon\bin\git\bin;C:\laragon\bin\git\cmd;C:\laragon\bin\git\mingw64\bin;C:\laragon\bin\git\usr\bin;C:\laragon\bin\laragon\utils;C:\laragon\bin\mysql\mysql-8.4.8-winx64\bin;C:\laragon\bin\nginx\nginx-1.22.0;C:\laragon\bin\ngrok;C:\laragon\bin\nodejs\node-v24.14.0;C:\laragon\bin\notepad++;C:\laragon\bin\php\php-8.3.29-vs16;C:\laragon\bin\python\python-3.10;C:\laragon\bin\python\python-3.10\Scripts;C:\laragon\bin\redis\redis-x64-5.0.14.1;C:\laragon\bin\telnet;C:\laragon\usr\bin;C:\Users\ELLENT\AppData\Local\Yarn\config\global\node_modules\.bin;C:\Users\ELLENT\AppData\Roaming\Composer\vendor\bin;C:\Users\ELLENT\AppData\Roaming\npm;C:\Users\ELLENT\AppData\Local\Microsoft\WindowsApps;C:\Users\ELLENT\AppData\Local\Programs\Microsoft VS Code\bin;C:\Program Files\Java\jdk-22;
USERNAME=ELLENT
OS=Windows_NT
PROCESSOR_IDENTIFIER=AMD64 Family 23 Model 160 Stepping 0, AuthenticAMD
TMP=C:\Users\ELLENT\AppData\Local\Temp
TEMP=C:\Users\ELLENT\AppData\Local\Temp




Periodic native trim disabled

---------------  S Y S T E M  ---------------

OS:
 Windows 11 , 64 bit Build 26100 (10.0.26100.9168)
OS uptime: 1 days 1:24 hours
Hyper-V role detected

CPU: total 2 (initial active 2) (2 cores per cpu, 1 threads per core) family 23 model 160 stepping 0 microcode 0x8a00006, cx8, cmov, fxsr, mmx, 3dnowpref, sse, sse2, sse3, ssse3, sse4a, sse4.1, sse4.2, popcnt, lzcnt, tsc, tscinvbit, avx, avx2, aes, clmul, bmi1, bmi2, adx, sha, fma, vzeroupper, clflush, clflushopt, hv, rdtscp, rdpid, f16c
Processor Information for the first 2 processors :
  Max Mhz: 2401, Current Mhz: 2401, Mhz Limit: 2401

Memory: 4k page, system-wide physical 5877M (593M free)
TotalPageFile size 18395M (AvailPageFile size 646M)
current process WorkingSet (physical memory assigned to process): 226M, peak: 226M
current process commit charge ("private bytes"): 322M, peak: 332M

vm_info: OpenJDK 64-Bit Server VM (21.0.12.1+1-LTS) for windows-amd64 JRE (21.0.12.1+1-LTS), built on 2026-08-18T00:00:00Z by "admin" with MS VC++ 17.12 (VS2022)

END.
